Liquidateur,Nb Liquidation
0xb2cc0d719b71fb91082e050967b644a5e55b33a0,101
0xab1c40889175ea24b83175d9e09ee335ddf5a1ab,85
0xdc0604b378adca99a9e2096707ad4830673ce5b8,76
0xa22dc341c8dd53ab1dff6e66228e779832a449bf,61
0xf0542a7e93e3a4c42044ec939802608bde015464,43
0x2afe68343f1ce5933b82d783a727c041c119614a,41
0xc6a82e72156a11a2e1634633af5e4517b451f0d9,17
0xc788fa2cdf965ac3478c3a26162a9d49bc4f1e45,10
0x87a9c2a5a528381ec8cca57aa2b01ef183c4e1b7,10
0x68ab2ebb00757d6e38a8414c69f768c48dcd516a,7
0x309ccbc93c8211c7dabfffb2fa96aaa78f9c7910,6
0x1b1ed976669f4b33f436e22cb9cd0e85b26be5a0,6
0x7f7aab3e03afd04b83d94319c7db312a8e08bd67,4
0x6e9c821c6b3d56c11ef85070df079f0e652d530c,4
0xe72379b527824a8bdf07ec8a162d1e0eeb673ee6,3
0x7e6a4e73694c7f7abe7222d665f874520ad36d2c,3
0xd82f33cb12c573f4dd3c928b0aefbf4d3f8ae962,2
0xce462148c5dc644085667fb4dcf67722b505d320,2
0x9b552909d8d09abdc2ee0fd7851e827111786a9f,2
0x96f4b5403fae3b14c469f5ce536d2f1483370869,2
0x7ffe8771fdc04f045aba6a764a36d07be88bc6e4,2
0x3ab7ba39572107d926821d3b4a605fe95f42ab59,2
0x3aa597f32de7c532af0f238da736fb7fe371cc47,2
0x39e7510977e9514acb4e3efcb3a9ffab0440cbc2,2
0x3063d161518a19fff591247ead5a99063436827f,2
0xfffb772047e71f43ed6b5ae3a1681456154a4e32,1
0xfcfe12e83b7c8b34cd53b3cbd7543e0c4b2534f9,1
0xf6426847a83e8f2ee85ba396e121d3f5dd098a7d,1
0xf0633940d64515379bbe743515fc14c13834d393,1
0xef00178853100870990be5cd18a1dbf153426c0f,1
0xe7c7c42f624539323144db8022bcebe0a4d0a07b,1
0xcee6729c9005476a344c0c7aa0bf05d0a7303d8f,1
0xcbcdca647cfda9283992193604f8718a910b42fc,1
0x8dc5bbd620703e9e15ddafa882be2d82269326a2,1
0x8595fa9bfba5e69c4f5e406fcef189f2b4de79f4,1
0x62a7a818d88f848c7718e3dc454028401d2b53b2,1
0x5fadc6f31767b15c1000a430947334dc96d1d5cc,1
0x47cab4912d64fff451bcdd0ea8a5fc48ba7ee8ac,1
0x38cd8d52a17f6f643f89342962a17ddf116b0f6b,1
0x37860b28f8cbd4b0cbed92e1416237981d7557e8,1
0x134d928b26db2da678f16974580b22e799293e6c,1
0x05fc68f4b7714389a17128653f82d50bee98e542,1
Grand Total,512