Date de la liquidation,Liquidateur
2025-11-26,0x2afe68343f1ce5933b82d783a727c041c119614a
2026-02-12,0x529f288298fe949c9c5c3323554c782db5021ed0
2025-10-25,0xab1c40889175ea24b83175d9e09ee335ddf5a1ab
2026-02-05,0x5d00572ceb25d11c774977c55feb6388e803b8d0
2026-02-06,0xb2736e9cefafc7f3a504511df4140fb592623f8d
2025-11-14,0x1b1ed976669f4b33f436e22cb9cd0e85b26be5a0
2025-10-15,0x7f7aab3e03afd04b83d94319c7db312a8e08bd67
2026-01-28,0xdc0604b378adca99a9e2096707ad4830673ce5b8
2025-10-28,0xa22dc341c8dd53ab1dff6e66228e779832a449bf
2025-11-26,0x2afe68343f1ce5933b82d783a727c041c119614a
2025-07-18,0xb2cc0d719b71fb91082e050967b644a5e55b33a0
2025-07-28,0xb2cc0d719b71fb91082e050967b644a5e55b33a0
2026-01-17,0xfff14378ec8d8f294ddb4e2ba6674004bacb5575
2025-08-30,0xb2cc0d719b71fb91082e050967b644a5e55b33a0
2026-01-24,0x97e7634be705079ad6769904b1babd82960df851
2026-01-24,0xda31f8955f9583fe9286f92f7e0ea2aff46e8d3f
2025-12-26,0xb5f61afc77e4d3a7c89788252e8d4e25bdf0d38c
2026-01-28,0x1513cfeee6a5f0e6ea29ac33250ea6a15ba2ab0f
2025-11-12,0xdeb29406f61e49cc33f2c8153e0a70dd9b1c308d
2025-08-15,0xb2cc0d719b71fb91082e050967b644a5e55b33a0
2025-10-12,0x68ab2ebb00757d6e38a8414c69f768c48dcd516a
2026-01-17,0xab1c40889175ea24b83175d9e09ee335ddf5a1ab
2025-10-05,0xa22dc341c8dd53ab1dff6e66228e779832a449bf
2025-08-01,0xb2cc0d719b71fb91082e050967b644a5e55b33a0
2026-01-03,0xab1c40889175ea24b83175d9e09ee335ddf5a1ab
2026-01-19,0x830ed1364ab011d5aa8acd2cf816604bff3b15fc
2025-10-28,0xa22dc341c8dd53ab1dff6e66228e779832a449bf
2025-11-14,0x1b1ed976669f4b33f436e22cb9cd0e85b26be5a0
2025-01-08,0xb2cc0d719b71fb91082e050967b644a5e55b33a0
2025-10-02,0x68ab2ebb00757d6e38a8414c69f768c48dcd516a
2025-01-28,0xa22dc341c8dd53ab1dff6e66228e779832a449bf
2025-11-29,0x87a9c2a5a528381ec8cca57aa2b01ef183c4e1b7
2025-10-02,0x309ccbc93c8211c7dabfffb2fa96aaa78f9c7910
2025-12-21,0xde3a652686a4d19f90731d9877d44594f83b37e7
2025-07-20,0xb2cc0d719b71fb91082e050967b644a5e55b33a0
2025-09-19,0xf0542a7e93e3a4c42044ec939802608bde015464
2025-12-23,0xb5f61afc77e4d3a7c89788252e8d4e25bdf0d38c
2025-07-18,0xb2cc0d719b71fb91082e050967b644a5e55b33a0
2025-09-28,0x7f7aab3e03afd04b83d94319c7db312a8e08bd67
2025-11-09,0xfff14378ec8d8f294ddb4e2ba6674004bacb5575
2025-10-15,0x3ab7ba39572107d926821d3b4a605fe95f42ab59
2026-01-18,0xb0e83c2d71a991017e0116d58c5765abc57384af
2025-11-07,0xab1c40889175ea24b83175d9e09ee335ddf5a1ab
2026-01-19,0xb0c6d7085fa8ccc6c174841495eb700130ea2e97
2025-12-14,0x1b374e81f122dafacad97a8c215ed6edbffa63bd
2025-07-18,0x3aa597f32de7c532af0f238da736fb7fe371cc47
2025-10-23,0xe72379b527824a8bdf07ec8a162d1e0eeb673ee6
2025-08-27,0xb2cc0d719b71fb91082e050967b644a5e55b33a0
2025-12-15,0xde3a652686a4d19f90731d9877d44594f83b37e7
2025-08-27,0xb2cc0d719b71fb91082e050967b644a5e55b33a0
2026-01-18,0xab1c40889175ea24b83175d9e09ee335ddf5a1ab
2025-11-22,0xa99e07efb152321117653a16727bf6bc02106892
2026-02-10,0x01b1767ca4e97cb44845400b39043c6e352d31d9
2026-01-26,0xdc0604b378adca99a9e2096707ad4830673ce5b8
2026-01-20,0xdc0604b378adca99a9e2096707ad4830673ce5b8
2025-07-29,0xb2cc0d719b71fb91082e050967b644a5e55b33a0
2026-01-19,0xdc0604b378adca99a9e2096707ad4830673ce5b8
2025-01-06,0xb2cc0d719b71fb91082e050967b644a5e55b33a0
2025-11-02,0xab1c40889175ea24b83175d9e09ee335ddf5a1ab
2025-10-12,0xc788fa2cdf965ac3478c3a26162a9d49bc4f1e45
2025-09-25,0xce462148c5dc644085667fb4dcf67722b505d320
2026-02-03,0x01b1767ca4e97cb44845400b39043c6e352d31d9
2025-10-10,0xf0542a7e93e3a4c42044ec939802608bde015464
2025-12-20,0xfff14378ec8d8f294ddb4e2ba6674004bacb5575
2025-08-23,0x2afe68343f1ce5933b82d783a727c041c119614a
2025-11-05,0xdc0604b378adca99a9e2096707ad4830673ce5b8
2025-11-18,0xfff14378ec8d8f294ddb4e2ba6674004bacb5575
2025-12-07,0xab1c40889175ea24b83175d9e09ee335ddf5a1ab
2025-11-01,0xab1c40889175ea24b83175d9e09ee335ddf5a1ab
2026-01-17,0xab1c40889175ea24b83175d9e09ee335ddf5a1ab
2025-10-22,0xdc0604b378adca99a9e2096707ad4830673ce5b8
2025-09-19,0xf0542a7e93e3a4c42044ec939802608bde015464
2026-01-10,0xc839cbcb7bff9c4e07e98f1c83467a67bde56ae8
2025-10-05,0xdc0604b378adca99a9e2096707ad4830673ce5b8
2026-02-08,0x529f288298fe949c9c5c3323554c782db5021ed0
2025-10-21,0xe72379b527824a8bdf07ec8a162d1e0eeb673ee6
2025-09-16,0xb2cc0d719b71fb91082e050967b644a5e55b33a0
2025-11-27,0x2afe68343f1ce5933b82d783a727c041c119614a
2025-12-14,0xde3a652686a4d19f90731d9877d44594f83b37e7
2025-07-09,0xb2cc0d719b71fb91082e050967b644a5e55b33a0
2025-10-05,0xc788fa2cdf965ac3478c3a26162a9d49bc4f1e45
2026-01-12,0xab1c40889175ea24b83175d9e09ee335ddf5a1ab
2025-10-30,0xa22dc341c8dd53ab1dff6e66228e779832a449bf
2025-11-12,0xab1c40889175ea24b83175d9e09ee335ddf5a1ab
2025-07-30,0xb2cc0d719b71fb91082e050967b644a5e55b33a0
2025-11-02,0xab1c40889175ea24b83175d9e09ee335ddf5a1ab
2025-08-13,0xa22dc341c8dd53ab1dff6e66228e779832a449bf
2025-09-29,0xf0542a7e93e3a4c42044ec939802608bde015464
2026-01-19,0x2e73b131d3308333d8b80929994f795b32022635
2025-09-10,0xb2cc0d719b71fb91082e050967b644a5e55b33a0
2025-07-20,0xb2cc0d719b71fb91082e050967b644a5e55b33a0
2025-11-29,0x2afe68343f1ce5933b82d783a727c041c119614a
2026-01-26,0xdc0604b378adca99a9e2096707ad4830673ce5b8
2026-01-20,0xb0e83c2d71a991017e0116d58c5765abc57384af
2025-07-29,0xa22dc341c8dd53ab1dff6e66228e779832a449bf
2024-07-10,0xb2cc0d719b71fb91082e050967b644a5e55b33a0
2025-11-08,0xab1c40889175ea24b83175d9e09ee335ddf5a1ab
2025-02-12,0xb2cc0d719b71fb91082e050967b644a5e55b33a0
2026-01-23,0xdc0604b378adca99a9e2096707ad4830673ce5b8
2025-11-02,0xab1c40889175ea24b83175d9e09ee335ddf5a1ab
2025-12-16,0xce0603476a41afe406a77093b86c1d274eb92d65
2025-11-14,0xc6a82e72156a11a2e1634633af5e4517b451f0d9
2026-01-28,0xb0e83c2d71a991017e0116d58c5765abc57384af
2025-11-24,0xa99e07efb152321117653a16727bf6bc02106892
2025-08-03,0xa22dc341c8dd53ab1dff6e66228e779832a449bf
2026-02-07,0xf10581d6ba3d531bc3ce9b24af359089fe7616f1
2025-11-16,0x4cc6ecdbfc8afde7085bb8a7848b689a49175bea
2025-09-10,0xb2cc0d719b71fb91082e050967b644a5e55b33a0
2025-11-21,0xa99e07efb152321117653a16727bf6bc02106892
2025-09-30,0xa22dc341c8dd53ab1dff6e66228e779832a449bf
2026-01-20,0xc55cb975d31b0960d4fb85d4fcd81c8c3eb9b32f
2025-08-05,0xa22dc341c8dd53ab1dff6e66228e779832a449bf
2024-07-20,0xb2cc0d719b71fb91082e050967b644a5e55b33a0
2026-01-30,0x587cb1c9a24608aeca52c243987bd8de6a81350c
2026-02-06,0x5d00572ceb25d11c774977c55feb6388e803b8d0
2025-10-26,0xef00178853100870990be5cd18a1dbf153426c0f
2025-11-14,0xfff14378ec8d8f294ddb4e2ba6674004bacb5575
2025-09-21,0xf0542a7e93e3a4c42044ec939802608bde015464
2025-10-28,0x87a9c2a5a528381ec8cca57aa2b01ef183c4e1b7
2026-01-11,0xb5f61afc77e4d3a7c89788252e8d4e25bdf0d38c
2025-10-27,0xfffb772047e71f43ed6b5ae3a1681456154a4e32
2025-09-25,0xa22dc341c8dd53ab1dff6e66228e779832a449bf
2025-11-17,0xfff14378ec8d8f294ddb4e2ba6674004bacb5575
2026-01-30,0xb0e83c2d71a991017e0116d58c5765abc57384af
2026-01-27,0xef5668da056ea0a5ef13cde9fb934d42eb006847
2025-11-10,0xab1c40889175ea24b83175d9e09ee335ddf5a1ab
2026-01-19,0xb0c6d7085fa8ccc6c174841495eb700130ea2e97
2025-07-09,0xb2cc0d719b71fb91082e050967b644a5e55b33a0
2026-01-23,0xdc0604b378adca99a9e2096707ad4830673ce5b8
2025-12-15,0xfff14378ec8d8f294ddb4e2ba6674004bacb5575
2026-01-22,0xf6c992fbd5c77838ef12a69b0c9ec07ff94bdb74
2026-01-25,0xb0e83c2d71a991017e0116d58c5765abc57384af
2026-01-17,0x8f04826edc7a6a4fc60a58b440af155b2ea40856
2025-12-28,0xde3a652686a4d19f90731d9877d44594f83b37e7
2025-07-22,0xb2cc0d719b71fb91082e050967b644a5e55b33a0
2024-12-19,0xb2cc0d719b71fb91082e050967b644a5e55b33a0
2025-08-23,0x2afe68343f1ce5933b82d783a727c041c119614a
2025-01-16,0x96f4b5403fae3b14c469f5ce536d2f1483370869
2026-01-25,0xdc0604b378adca99a9e2096707ad4830673ce5b8
2026-01-20,0xda31f8955f9583fe9286f92f7e0ea2aff46e8d3f
2025-09-24,0xf0542a7e93e3a4c42044ec939802608bde015464
2025-06-30,0x6e9c821c6b3d56c11ef85070df079f0e652d530c
2025-09-17,0x134d928b26db2da678f16974580b22e799293e6c
2025-01-15,0x96f4b5403fae3b14c469f5ce536d2f1483370869
2025-12-31,0x2afe68343f1ce5933b82d783a727c041c119614a
2025-09-18,0xf0542a7e93e3a4c42044ec939802608bde015464
2026-01-28,0xdc0604b378adca99a9e2096707ad4830673ce5b8
2026-01-20,0xb0e83c2d71a991017e0116d58c5765abc57384af
2026-01-04,0xb5f61afc77e4d3a7c89788252e8d4e25bdf0d38c
2025-07-20,0xb2cc0d719b71fb91082e050967b644a5e55b33a0
2025-01-07,0xa22dc341c8dd53ab1dff6e66228e779832a449bf
2025-10-19,0xc788fa2cdf965ac3478c3a26162a9d49bc4f1e45
2025-10-07,0x309ccbc93c8211c7dabfffb2fa96aaa78f9c7910
2025-10-11,0x87a9c2a5a528381ec8cca57aa2b01ef183c4e1b7
2025-09-16,0x7e6a4e73694c7f7abe7222d665f874520ad36d2c
2025-11-07,0xc6a82e72156a11a2e1634633af5e4517b451f0d9
2025-12-27,0xab1c40889175ea24b83175d9e09ee335ddf5a1ab
2026-01-20,0xdc0604b378adca99a9e2096707ad4830673ce5b8
2024-06-27,0xb2cc0d719b71fb91082e050967b644a5e55b33a0
2025-10-24,0xab1c40889175ea24b83175d9e09ee335ddf5a1ab
2025-09-30,0xf0542a7e93e3a4c42044ec939802608bde015464
2025-12-14,0xde3a652686a4d19f90731d9877d44594f83b37e7
2026-01-12,0xf10581d6ba3d531bc3ce9b24af359089fe7616f1
2026-01-28,0xb0e83c2d71a991017e0116d58c5765abc57384af
2025-09-19,0xf0542a7e93e3a4c42044ec939802608bde015464
2025-10-15,0x309ccbc93c8211c7dabfffb2fa96aaa78f9c7910
2025-11-25,0xe0d01efee7a9740f8e702f086dd4fcae87926abf
2026-01-11,0xab1c40889175ea24b83175d9e09ee335ddf5a1ab
2025-11-08,0xab1c40889175ea24b83175d9e09ee335ddf5a1ab
2025-11-29,0xfff14378ec8d8f294ddb4e2ba6674004bacb5575
2026-01-21,0xdc0604b378adca99a9e2096707ad4830673ce5b8
2025-08-09,0xa22dc341c8dd53ab1dff6e66228e779832a449bf
2025-11-24,0xdc0604b378adca99a9e2096707ad4830673ce5b8
2025-11-09,0xfff14378ec8d8f294ddb4e2ba6674004bacb5575
2025-08-29,0xa22dc341c8dd53ab1dff6e66228e779832a449bf
2025-12-14,0xde3a652686a4d19f90731d9877d44594f83b37e7
2025-09-18,0xf0633940d64515379bbe743515fc14c13834d393
2026-01-20,0xc55cb975d31b0960d4fb85d4fcd81c8c3eb9b32f
2026-01-28,0xc6a82e72156a11a2e1634633af5e4517b451f0d9
2025-07-25,0xb2cc0d719b71fb91082e050967b644a5e55b33a0
2025-11-13,0xfff14378ec8d8f294ddb4e2ba6674004bacb5575
2026-01-04,0xab1c40889175ea24b83175d9e09ee335ddf5a1ab
2025-12-23,0xb5f61afc77e4d3a7c89788252e8d4e25bdf0d38c
2025-08-20,0xa22dc341c8dd53ab1dff6e66228e779832a449bf
2025-12-06,0x87a9c2a5a528381ec8cca57aa2b01ef183c4e1b7
2025-07-10,0xb2cc0d719b71fb91082e050967b644a5e55b33a0
2026-01-21,0xdc0604b378adca99a9e2096707ad4830673ce5b8
2025-07-20,0xb2cc0d719b71fb91082e050967b644a5e55b33a0
2025-12-30,0xa5be2b01321c89b0b729cd99eacaccb8e6a96730
2025-10-01,0xf0542a7e93e3a4c42044ec939802608bde015464
2025-09-16,0x7e6a4e73694c7f7abe7222d665f874520ad36d2c
2026-01-24,0xda31f8955f9583fe9286f92f7e0ea2aff46e8d3f
2026-01-20,0xb0e83c2d71a991017e0116d58c5765abc57384af
2025-09-16,0xb2cc0d719b71fb91082e050967b644a5e55b33a0
2025-06-30,0x6e9c821c6b3d56c11ef85070df079f0e652d530c
2025-11-19,0x3515e2159dd1c15249efc3fb6721aae72f8dcb51
2025-10-02,0xab1c40889175ea24b83175d9e09ee335ddf5a1ab
2026-01-24,0xda31f8955f9583fe9286f92f7e0ea2aff46e8d3f
2026-02-02,0x5d00572ceb25d11c774977c55feb6388e803b8d0
2025-12-04,0xf10581d6ba3d531bc3ce9b24af359089fe7616f1
2025-09-21,0x2afe68343f1ce5933b82d783a727c041c119614a
2026-01-19,0x2e73b131d3308333d8b80929994f795b32022635
2025-12-14,0xde3a652686a4d19f90731d9877d44594f83b37e7
2026-01-23,0x24c47db1cc0ba028836bf808175c044055d037ec
2025-12-14,0xde3a652686a4d19f90731d9877d44594f83b37e7
2025-12-04,0xf10581d6ba3d531bc3ce9b24af359089fe7616f1
2025-10-10,0xf0542a7e93e3a4c42044ec939802608bde015464
2026-02-12,0x529f288298fe949c9c5c3323554c782db5021ed0
2025-09-18,0xf0542a7e93e3a4c42044ec939802608bde015464
2025-11-10,0xab1c40889175ea24b83175d9e09ee335ddf5a1ab
2026-01-15,0xf6c992fbd5c77838ef12a69b0c9ec07ff94bdb74
2025-07-21,0xb2cc0d719b71fb91082e050967b644a5e55b33a0
2026-01-29,0xb0e83c2d71a991017e0116d58c5765abc57384af
2026-02-12,0x529f288298fe949c9c5c3323554c782db5021ed0
2025-12-30,0xdd3f3e36947c975ac9bd09a50eeb4530af398f11
2025-09-17,0xa22dc341c8dd53ab1dff6e66228e779832a449bf
2026-02-01,0x5d00572ceb25d11c774977c55feb6388e803b8d0
2026-02-12,0x529f288298fe949c9c5c3323554c782db5021ed0
2025-08-04,0x2afe68343f1ce5933b82d783a727c041c119614a
2025-10-17,0xa22dc341c8dd53ab1dff6e66228e779832a449bf
2025-11-14,0x7ffe8771fdc04f045aba6a764a36d07be88bc6e4
2026-01-29,0xdc0604b378adca99a9e2096707ad4830673ce5b8
2026-01-25,0xdc0604b378adca99a9e2096707ad4830673ce5b8
2026-01-27,0x587cb1c9a24608aeca52c243987bd8de6a81350c
2026-01-26,0xda31f8955f9583fe9286f92f7e0ea2aff46e8d3f
2026-02-06,0xfe7a5f096ca51f9dee3b19a59314420ba1b1592f
2025-11-07,0xab1c40889175ea24b83175d9e09ee335ddf5a1ab
2026-01-19,0xdc0604b378adca99a9e2096707ad4830673ce5b8
2025-10-11,0xc788fa2cdf965ac3478c3a26162a9d49bc4f1e45
2025-11-04,0xab1c40889175ea24b83175d9e09ee335ddf5a1ab
2026-01-25,0xdc0604b378adca99a9e2096707ad4830673ce5b8
2025-11-10,0xab1c40889175ea24b83175d9e09ee335ddf5a1ab
2026-01-17,0x46426750dc069953b3d78979fd5743c28d8f7596
2025-09-30,0xa22dc341c8dd53ab1dff6e66228e779832a449bf
2025-10-23,0xab1c40889175ea24b83175d9e09ee335ddf5a1ab
2025-10-12,0xc788fa2cdf965ac3478c3a26162a9d49bc4f1e45
2026-01-28,0x1513cfeee6a5f0e6ea29ac33250ea6a15ba2ab0f
2025-11-26,0x2afe68343f1ce5933b82d783a727c041c119614a
2025-10-01,0xf0542a7e93e3a4c42044ec939802608bde015464
2025-09-25,0xa22dc341c8dd53ab1dff6e66228e779832a449bf
2026-01-28,0xb0e83c2d71a991017e0116d58c5765abc57384af
2025-12-14,0xde3a652686a4d19f90731d9877d44594f83b37e7
2025-11-29,0xb8894bd1f9e236f030963f5a7daee4a0f94c69d0
2026-01-23,0x32c77c057732d7b1776c678002c9c4e75460eb1e
2025-09-11,0xa22dc341c8dd53ab1dff6e66228e779832a449bf
2026-01-28,0x587cb1c9a24608aeca52c243987bd8de6a81350c
2025-11-17,0xc6a82e72156a11a2e1634633af5e4517b451f0d9
2025-11-11,0x87a9c2a5a528381ec8cca57aa2b01ef183c4e1b7
2026-01-17,0xab1c40889175ea24b83175d9e09ee335ddf5a1ab
2025-10-24,0xab1c40889175ea24b83175d9e09ee335ddf5a1ab
2025-09-28,0xdc0604b378adca99a9e2096707ad4830673ce5b8
2025-09-21,0xf0542a7e93e3a4c42044ec939802608bde015464
2025-10-19,0xa22dc341c8dd53ab1dff6e66228e779832a449bf
2026-01-20,0xc55cb975d31b0960d4fb85d4fcd81c8c3eb9b32f
2026-01-29,0xdd3f3e36947c975ac9bd09a50eeb4530af398f11
2025-11-07,0xab1c40889175ea24b83175d9e09ee335ddf5a1ab
2025-11-26,0x2afe68343f1ce5933b82d783a727c041c119614a
2026-01-18,0x83fc27bc5fa8d6465b56cc77a4e28b1b8ce60e71
2025-07-20,0xb2cc0d719b71fb91082e050967b644a5e55b33a0
2026-01-21,0xda31f8955f9583fe9286f92f7e0ea2aff46e8d3f
2025-12-10,0xab1c40889175ea24b83175d9e09ee335ddf5a1ab
2026-01-25,0xa5ed8da239f400141427800da33b602a039f2254
2025-11-30,0x2afe68343f1ce5933b82d783a727c041c119614a
2026-01-20,0xdc0604b378adca99a9e2096707ad4830673ce5b8
2026-01-30,0x587cb1c9a24608aeca52c243987bd8de6a81350c
2025-11-07,0xab1c40889175ea24b83175d9e09ee335ddf5a1ab
2025-08-17,0xb2cc0d719b71fb91082e050967b644a5e55b33a0
2026-01-10,0x68ab2ebb00757d6e38a8414c69f768c48dcd516a
2025-08-23,0x2afe68343f1ce5933b82d783a727c041c119614a
2025-10-29,0x87a9c2a5a528381ec8cca57aa2b01ef183c4e1b7
2025-10-07,0x47cab4912d64fff451bcdd0ea8a5fc48ba7ee8ac
2025-10-27,0xab1c40889175ea24b83175d9e09ee335ddf5a1ab
2026-01-22,0xb0e83c2d71a991017e0116d58c5765abc57384af
2025-07-01,0xb2cc0d719b71fb91082e050967b644a5e55b33a0
2025-09-27,0xa22dc341c8dd53ab1dff6e66228e779832a449bf
2025-12-05,0xfff14378ec8d8f294ddb4e2ba6674004bacb5575
2026-01-20,0xdc0604b378adca99a9e2096707ad4830673ce5b8
2025-11-08,0xe5451d121040e6176476077955efc44ea5c01d48
2025-12-02,0xfff14378ec8d8f294ddb4e2ba6674004bacb5575
2025-10-31,0x9b552909d8d09abdc2ee0fd7851e827111786a9f
2026-02-11,0xc02be9069082770d5b249f98b584d22a7599e8e0
2025-11-03,0xab1c40889175ea24b83175d9e09ee335ddf5a1ab
2025-09-15,0xb2cc0d719b71fb91082e050967b644a5e55b33a0
2024-11-01,0xb2cc0d719b71fb91082e050967b644a5e55b33a0
2025-12-13,0x8ca9b1d47c780cd6b458595083575082dbd6d6e3
2025-10-14,0x1b1ed976669f4b33f436e22cb9cd0e85b26be5a0
2026-01-22,0xb0c6d7085fa8ccc6c174841495eb700130ea2e97
2025-11-15,0x1b1ed976669f4b33f436e22cb9cd0e85b26be5a0
2025-11-10,0xab1c40889175ea24b83175d9e09ee335ddf5a1ab
2025-12-22,0xfff14378ec8d8f294ddb4e2ba6674004bacb5575
2026-02-04,0xa22dc341c8dd53ab1dff6e66228e779832a449bf
2025-12-15,0xfff14378ec8d8f294ddb4e2ba6674004bacb5575
2025-11-07,0xab1c40889175ea24b83175d9e09ee335ddf5a1ab
2025-11-05,0xdc0604b378adca99a9e2096707ad4830673ce5b8
2026-02-07,0xf10581d6ba3d531bc3ce9b24af359089fe7616f1
2026-01-17,0xa5ed8da239f400141427800da33b602a039f2254
2025-11-27,0xf0542a7e93e3a4c42044ec939802608bde015464
2025-03-24,0xb2cc0d719b71fb91082e050967b644a5e55b33a0
2025-09-07,0xb2cc0d719b71fb91082e050967b644a5e55b33a0
2026-01-21,0xda31f8955f9583fe9286f92f7e0ea2aff46e8d3f
2025-09-19,0xf0542a7e93e3a4c42044ec939802608bde015464
2026-01-19,0xdc0604b378adca99a9e2096707ad4830673ce5b8
2026-01-20,0xdc0604b378adca99a9e2096707ad4830673ce5b8
2026-01-19,0x935bbd6391d62cebf7901fc488336f671bfad76b
2025-11-14,0xab1c40889175ea24b83175d9e09ee335ddf5a1ab
2025-07-19,0xb2cc0d719b71fb91082e050967b644a5e55b33a0
2025-11-22,0x8b8e219b7531dbebb8782c479f7ed3c71827b68f
2025-09-18,0xf0542a7e93e3a4c42044ec939802608bde015464
2025-11-20,0xfff14378ec8d8f294ddb4e2ba6674004bacb5575
2025-07-18,0xb2cc0d719b71fb91082e050967b644a5e55b33a0
2025-09-15,0x7e6a4e73694c7f7abe7222d665f874520ad36d2c
2025-12-25,0xde3a652686a4d19f90731d9877d44594f83b37e7
2026-01-23,0x24c47db1cc0ba028836bf808175c044055d037ec
2026-01-25,0xa5ed8da239f400141427800da33b602a039f2254
2025-11-07,0xab1c40889175ea24b83175d9e09ee335ddf5a1ab
2026-01-13,0x2afe68343f1ce5933b82d783a727c041c119614a
2025-09-07,0xb2cc0d719b71fb91082e050967b644a5e55b33a0
2025-12-19,0xfff14378ec8d8f294ddb4e2ba6674004bacb5575
2026-01-30,0x587cb1c9a24608aeca52c243987bd8de6a81350c
2024-12-23,0xb2cc0d719b71fb91082e050967b644a5e55b33a0
2025-10-06,0x68ab2ebb00757d6e38a8414c69f768c48dcd516a
2025-10-11,0x87a9c2a5a528381ec8cca57aa2b01ef183c4e1b7
2025-10-10,0xa22dc341c8dd53ab1dff6e66228e779832a449bf
2025-09-26,0xf0542a7e93e3a4c42044ec939802608bde015464
2025-07-30,0xb2cc0d719b71fb91082e050967b644a5e55b33a0
2025-12-14,0xc839cbcb7bff9c4e07e98f1c83467a67bde56ae8
2025-07-20,0xb2cc0d719b71fb91082e050967b644a5e55b33a0
2025-08-02,0x2afe68343f1ce5933b82d783a727c041c119614a
2025-09-30,0xf0542a7e93e3a4c42044ec939802608bde015464
2025-11-10,0xab1c40889175ea24b83175d9e09ee335ddf5a1ab
2025-09-16,0xb2cc0d719b71fb91082e050967b644a5e55b33a0
2025-09-16,0xb2cc0d719b71fb91082e050967b644a5e55b33a0
2025-11-12,0xfff14378ec8d8f294ddb4e2ba6674004bacb5575
2026-01-30,0xb0e83c2d71a991017e0116d58c5765abc57384af
2025-11-02,0x3063d161518a19fff591247ead5a99063436827f
2026-01-25,0xb0e83c2d71a991017e0116d58c5765abc57384af
2026-02-05,0x8fbe912b45d3342bd40307a31544540a65e36427
2025-10-21,0xe72379b527824a8bdf07ec8a162d1e0eeb673ee6
2026-02-04,0xef5668da056ea0a5ef13cde9fb934d42eb006847
2025-12-23,0xde3a652686a4d19f90731d9877d44594f83b37e7
2025-11-16,0xfff14378ec8d8f294ddb4e2ba6674004bacb5575
2025-12-17,0xde3a652686a4d19f90731d9877d44594f83b37e7
2025-09-19,0xa22dc341c8dd53ab1dff6e66228e779832a449bf
2025-11-10,0xab1c40889175ea24b83175d9e09ee335ddf5a1ab
2025-11-10,0xab1c40889175ea24b83175d9e09ee335ddf5a1ab
2025-12-14,0xde3a652686a4d19f90731d9877d44594f83b37e7
2026-01-20,0xdc0604b378adca99a9e2096707ad4830673ce5b8
2025-10-28,0x87a9c2a5a528381ec8cca57aa2b01ef183c4e1b7
2025-11-28,0x2afe68343f1ce5933b82d783a727c041c119614a
2026-01-03,0xab1c40889175ea24b83175d9e09ee335ddf5a1ab
2025-11-07,0xab1c40889175ea24b83175d9e09ee335ddf5a1ab
2025-07-31,0xb2cc0d719b71fb91082e050967b644a5e55b33a0
2024-06-28,0xb2cc0d719b71fb91082e050967b644a5e55b33a0
2026-01-29,0xdc0604b378adca99a9e2096707ad4830673ce5b8
2026-01-23,0xdc0604b378adca99a9e2096707ad4830673ce5b8
2026-02-07,0xf10581d6ba3d531bc3ce9b24af359089fe7616f1
2025-12-28,0xde3a652686a4d19f90731d9877d44594f83b37e7
2025-02-01,0x62a7a818d88f848c7718e3dc454028401d2b53b2
2026-01-26,0xdc0604b378adca99a9e2096707ad4830673ce5b8
2026-01-26,0xdc0604b378adca99a9e2096707ad4830673ce5b8
2025-07-19,0xb2cc0d719b71fb91082e050967b644a5e55b33a0
2026-01-21,0xef5668da056ea0a5ef13cde9fb934d42eb006847
2026-01-25,0xda31f8955f9583fe9286f92f7e0ea2aff46e8d3f
2025-12-16,0x98b14f89e57cce69d8f04d2526b70c6202ae10ee
2025-10-02,0xf0542a7e93e3a4c42044ec939802608bde015464
2026-01-27,0x2e73b131d3308333d8b80929994f795b32022635
2025-09-02,0xb2cc0d719b71fb91082e050967b644a5e55b33a0
2026-01-24,0xdc0604b378adca99a9e2096707ad4830673ce5b8
2025-11-07,0xab1c40889175ea24b83175d9e09ee335ddf5a1ab
2025-11-19,0xc6a82e72156a11a2e1634633af5e4517b451f0d9
2025-11-10,0x309ccbc93c8211c7dabfffb2fa96aaa78f9c7910
2025-09-19,0xf0542a7e93e3a4c42044ec939802608bde015464
2025-10-31,0x3063d161518a19fff591247ead5a99063436827f
2026-01-19,0xdc0604b378adca99a9e2096707ad4830673ce5b8
2025-07-10,0xb2cc0d719b71fb91082e050967b644a5e55b33a0
2025-10-27,0xab1c40889175ea24b83175d9e09ee335ddf5a1ab
2026-01-18,0xab1c40889175ea24b83175d9e09ee335ddf5a1ab
2026-01-27,0xda31f8955f9583fe9286f92f7e0ea2aff46e8d3f
2025-12-06,0xfff14378ec8d8f294ddb4e2ba6674004bacb5575
2025-09-11,0xb2cc0d719b71fb91082e050967b644a5e55b33a0
2025-10-04,0xf0542a7e93e3a4c42044ec939802608bde015464
2025-08-02,0xb2cc0d719b71fb91082e050967b644a5e55b33a0
2025-12-28,0xa5be2b01321c89b0b729cd99eacaccb8e6a96730
2025-11-19,0xdcbfa46248c0b4d6eb405bb45065d34b7f88dc08
2025-11-16,0xc6a82e72156a11a2e1634633af5e4517b451f0d9
2025-12-07,0xdeb29406f61e49cc33f2c8153e0a70dd9b1c308d
2026-01-23,0x24c47db1cc0ba028836bf808175c044055d037ec
2025-08-17,0xb2cc0d719b71fb91082e050967b644a5e55b33a0
2025-07-17,0xb2cc0d719b71fb91082e050967b644a5e55b33a0
2026-01-30,0x587cb1c9a24608aeca52c243987bd8de6a81350c
2025-12-05,0xb8894bd1f9e236f030963f5a7daee4a0f94c69d0
2025-07-28,0xb2cc0d719b71fb91082e050967b644a5e55b33a0
2025-08-30,0xa22dc341c8dd53ab1dff6e66228e779832a449bf
2025-11-09,0xab1c40889175ea24b83175d9e09ee335ddf5a1ab
2025-11-08,0xa22dc341c8dd53ab1dff6e66228e779832a449bf
2026-02-12,0x529f288298fe949c9c5c3323554c782db5021ed0
2026-01-15,0xb0c6d7085fa8ccc6c174841495eb700130ea2e97
2025-11-24,0xfff14378ec8d8f294ddb4e2ba6674004bacb5575
2025-10-28,0xdc0604b378adca99a9e2096707ad4830673ce5b8
2025-12-23,0xb5f61afc77e4d3a7c89788252e8d4e25bdf0d38c
2026-01-12,0x875094dc0ddf541542da0c88da46f301c80e2295
2026-01-17,0xd0a0db7d1b651afd4ca11bf20f5bc5586347dc73
2025-11-26,0x2afe68343f1ce5933b82d783a727c041c119614a
2025-12-15,0xfff14378ec8d8f294ddb4e2ba6674004bacb5575
2026-01-27,0xda31f8955f9583fe9286f92f7e0ea2aff46e8d3f
2025-07-19,0xb2cc0d719b71fb91082e050967b644a5e55b33a0
2025-11-14,0xa22dc341c8dd53ab1dff6e66228e779832a449bf
2025-10-06,0x68ab2ebb00757d6e38a8414c69f768c48dcd516a
2026-02-05,0x5d00572ceb25d11c774977c55feb6388e803b8d0
2025-10-05,0x39e7510977e9514acb4e3efcb3a9ffab0440cbc2
2025-11-30,0x87a9c2a5a528381ec8cca57aa2b01ef183c4e1b7
2025-10-20,0xa22dc341c8dd53ab1dff6e66228e779832a449bf
2025-01-21,0xb2cc0d719b71fb91082e050967b644a5e55b33a0
2025-09-18,0xf0542a7e93e3a4c42044ec939802608bde015464
2025-09-28,0x7f7aab3e03afd04b83d94319c7db312a8e08bd67
2026-01-16,0xc839cbcb7bff9c4e07e98f1c83467a67bde56ae8
2025-12-16,0xde3a652686a4d19f90731d9877d44594f83b37e7
2025-06-14,0xb2cc0d719b71fb91082e050967b644a5e55b33a0
2025-11-07,0xab1c40889175ea24b83175d9e09ee335ddf5a1ab
2025-12-04,0xf10581d6ba3d531bc3ce9b24af359089fe7616f1
2026-01-19,0x935bbd6391d62cebf7901fc488336f671bfad76b
2025-12-01,0x2afe68343f1ce5933b82d783a727c041c119614a
2026-01-19,0xdc0604b378adca99a9e2096707ad4830673ce5b8
2026-01-22,0xdc0604b378adca99a9e2096707ad4830673ce5b8
2025-12-12,0xcc34e60802c9f884ac7c8418dd2b0937cc4245db
2025-10-05,0xdc0604b378adca99a9e2096707ad4830673ce5b8
2025-07-18,0xb2cc0d719b71fb91082e050967b644a5e55b33a0
2025-11-08,0xab1c40889175ea24b83175d9e09ee335ddf5a1ab
2025-11-03,0xab1c40889175ea24b83175d9e09ee335ddf5a1ab
2025-09-10,0xb2cc0d719b71fb91082e050967b644a5e55b33a0
2025-01-10,0xb2cc0d719b71fb91082e050967b644a5e55b33a0
2025-11-04,0xe7c7c42f624539323144db8022bcebe0a4d0a07b
2025-11-11,0xfff14378ec8d8f294ddb4e2ba6674004bacb5575
2025-11-10,0xab1c40889175ea24b83175d9e09ee335ddf5a1ab
2026-01-22,0xdc0604b378adca99a9e2096707ad4830673ce5b8
2026-01-30,0x587cb1c9a24608aeca52c243987bd8de6a81350c
2025-11-04,0xab1c40889175ea24b83175d9e09ee335ddf5a1ab
2026-01-12,0xf10581d6ba3d531bc3ce9b24af359089fe7616f1
2026-01-21,0xdc0604b378adca99a9e2096707ad4830673ce5b8
2026-01-20,0xf6c992fbd5c77838ef12a69b0c9ec07ff94bdb74
2026-01-25,0x78b78f8fe3bfce96459e48ca61b05d73fda541fb
2025-06-24,0xa22dc341c8dd53ab1dff6e66228e779832a449bf
2025-12-11,0xc839cbcb7bff9c4e07e98f1c83467a67bde56ae8
2025-10-10,0xf0542a7e93e3a4c42044ec939802608bde015464
2025-07-19,0xb2cc0d719b71fb91082e050967b644a5e55b33a0
2025-11-12,0xfff14378ec8d8f294ddb4e2ba6674004bacb5575
2025-12-19,0xde3a652686a4d19f90731d9877d44594f83b37e7
2025-10-09,0xab1c40889175ea24b83175d9e09ee335ddf5a1ab
2026-01-28,0x1513cfeee6a5f0e6ea29ac33250ea6a15ba2ab0f
2025-07-14,0xb2cc0d719b71fb91082e050967b644a5e55b33a0
2025-07-18,0xb2cc0d719b71fb91082e050967b644a5e55b33a0
2025-11-16,0xfff14378ec8d8f294ddb4e2ba6674004bacb5575
2025-12-16,0xce0603476a41afe406a77093b86c1d274eb92d65
2025-11-11,0xfff14378ec8d8f294ddb4e2ba6674004bacb5575
2026-01-28,0xb0e83c2d71a991017e0116d58c5765abc57384af
2026-01-18,0xab1c40889175ea24b83175d9e09ee335ddf5a1ab
2026-01-20,0xdc0604b378adca99a9e2096707ad4830673ce5b8
2025-08-03,0xb2cc0d719b71fb91082e050967b644a5e55b33a0
2025-12-16,0xab1c40889175ea24b83175d9e09ee335ddf5a1ab
2026-01-24,0x9566e3e6f55d4378243e55de8e037ee8e6e4de7e
2025-07-29,0xa22dc341c8dd53ab1dff6e66228e779832a449bf
2025-12-23,0xb5f61afc77e4d3a7c89788252e8d4e25bdf0d38c
2025-04-29,0xb2cc0d719b71fb91082e050967b644a5e55b33a0
2024-08-10,0xb2cc0d719b71fb91082e050967b644a5e55b33a0
2025-12-14,0xde3a652686a4d19f90731d9877d44594f83b37e7
2026-01-19,0xdc0604b378adca99a9e2096707ad4830673ce5b8
2025-11-03,0xa22dc341c8dd53ab1dff6e66228e779832a449bf
2026-01-26,0xdc0604b378adca99a9e2096707ad4830673ce5b8
2025-10-21,0xab1c40889175ea24b83175d9e09ee335ddf5a1ab
2025-09-14,0xb2cc0d719b71fb91082e050967b644a5e55b33a0
2026-01-25,0xa5ed8da239f400141427800da33b602a039f2254
2026-02-01,0xef5668da056ea0a5ef13cde9fb934d42eb006847
2026-01-12,0xb5f61afc77e4d3a7c89788252e8d4e25bdf0d38c
2025-05-01,0xa22dc341c8dd53ab1dff6e66228e779832a449bf
2025-10-02,0x68ab2ebb00757d6e38a8414c69f768c48dcd516a
2025-10-11,0xc788fa2cdf965ac3478c3a26162a9d49bc4f1e45
2025-01-05,0xb2cc0d719b71fb91082e050967b644a5e55b33a0
2025-09-10,0xb2cc0d719b71fb91082e050967b644a5e55b33a0
2025-10-05,0x39e7510977e9514acb4e3efcb3a9ffab0440cbc2
2025-10-13,0xdc0604b378adca99a9e2096707ad4830673ce5b8
2026-01-26,0xa5ed8da239f400141427800da33b602a039f2254
2025-11-28,0xc839cbcb7bff9c4e07e98f1c83467a67bde56ae8
2025-10-13,0xc788fa2cdf965ac3478c3a26162a9d49bc4f1e45
2026-01-20,0xdc0604b378adca99a9e2096707ad4830673ce5b8
2026-01-09,0xd82f33cb12c573f4dd3c928b0aefbf4d3f8ae962
2025-11-29,0x2afe68343f1ce5933b82d783a727c041c119614a
2026-01-28,0x1513cfeee6a5f0e6ea29ac33250ea6a15ba2ab0f
2026-01-10,0xb5f61afc77e4d3a7c89788252e8d4e25bdf0d38c
2025-10-18,0xa22dc341c8dd53ab1dff6e66228e779832a449bf
2025-10-01,0xf0542a7e93e3a4c42044ec939802608bde015464
2025-12-10,0xfff14378ec8d8f294ddb4e2ba6674004bacb5575
2025-09-18,0xf0542a7e93e3a4c42044ec939802608bde015464
2025-12-28,0xde3a652686a4d19f90731d9877d44594f83b37e7
2025-10-18,0xdc0604b378adca99a9e2096707ad4830673ce5b8
2025-12-05,0xa22dc341c8dd53ab1dff6e66228e779832a449bf
2026-02-12,0x529f288298fe949c9c5c3323554c782db5021ed0
2026-01-19,0xb0e83c2d71a991017e0116d58c5765abc57384af
2025-11-20,0xebd1159122883ecc045ad7d7b9f3ccaeae0e67d9
2025-01-10,0xb2cc0d719b71fb91082e050967b644a5e55b33a0
2025-09-13,0x2afe68343f1ce5933b82d783a727c041c119614a
2025-10-01,0xa22dc341c8dd53ab1dff6e66228e779832a449bf
2025-04-30,0xa22dc341c8dd53ab1dff6e66228e779832a449bf
2025-06-04,0xb2cc0d719b71fb91082e050967b644a5e55b33a0
2026-01-25,0xdc0604b378adca99a9e2096707ad4830673ce5b8
2025-01-10,0xb2cc0d719b71fb91082e050967b644a5e55b33a0
2025-07-26,0xb2cc0d719b71fb91082e050967b644a5e55b33a0
2025-11-24,0xdd3f3e36947c975ac9bd09a50eeb4530af398f11
2025-09-16,0xb2cc0d719b71fb91082e050967b644a5e55b33a0
2025-10-21,0x7ffe8771fdc04f045aba6a764a36d07be88bc6e4
2026-01-30,0xb0e83c2d71a991017e0116d58c5765abc57384af
2026-01-28,0xb0e83c2d71a991017e0116d58c5765abc57384af
2026-01-27,0x2e73b131d3308333d8b80929994f795b32022635
2025-07-08,0xb2cc0d719b71fb91082e050967b644a5e55b33a0
2025-10-17,0x37860b28f8cbd4b0cbed92e1416237981d7557e8
2026-01-23,0xa22dc341c8dd53ab1dff6e66228e779832a449bf
2026-01-10,0xc839cbcb7bff9c4e07e98f1c83467a67bde56ae8
2026-01-26,0xdc0604b378adca99a9e2096707ad4830673ce5b8
2025-11-02,0xab1c40889175ea24b83175d9e09ee335ddf5a1ab
2025-10-26,0x8595fa9bfba5e69c4f5e406fcef189f2b4de79f4
2026-01-15,0x1cb0ed282f9fb272a785efae76474fa5f935d452
2025-10-30,0xc6a82e72156a11a2e1634633af5e4517b451f0d9
2026-01-15,0x1cb0ed282f9fb272a785efae76474fa5f935d452
2026-01-17,0xa5ed8da239f400141427800da33b602a039f2254
2025-11-02,0xab1c40889175ea24b83175d9e09ee335ddf5a1ab
2025-10-14,0xa22dc341c8dd53ab1dff6e66228e779832a449bf
2025-10-31,0x9b552909d8d09abdc2ee0fd7851e827111786a9f
2025-09-18,0xa22dc341c8dd53ab1dff6e66228e779832a449bf
2025-12-14,0xde3a652686a4d19f90731d9877d44594f83b37e7
2025-09-16,0xa22dc341c8dd53ab1dff6e66228e779832a449bf
2026-01-11,0xb5f61afc77e4d3a7c89788252e8d4e25bdf0d38c
2026-01-20,0xdc0604b378adca99a9e2096707ad4830673ce5b8
2025-10-28,0xdc0604b378adca99a9e2096707ad4830673ce5b8
2025-09-16,0x5fadc6f31767b15c1000a430947334dc96d1d5cc
2025-11-21,0xa99e07efb152321117653a16727bf6bc02106892
2026-01-21,0x830ed1364ab011d5aa8acd2cf816604bff3b15fc
2025-07-27,0xa22dc341c8dd53ab1dff6e66228e779832a449bf
2025-11-10,0xab1c40889175ea24b83175d9e09ee335ddf5a1ab
2025-11-07,0xab1c40889175ea24b83175d9e09ee335ddf5a1ab
2025-11-20,0xfff14378ec8d8f294ddb4e2ba6674004bacb5575
2025-12-23,0xde3a652686a4d19f90731d9877d44594f83b37e7
2025-12-10,0xab1c40889175ea24b83175d9e09ee335ddf5a1ab
2025-11-27,0xab1c40889175ea24b83175d9e09ee335ddf5a1ab
2026-01-26,0xa22dc341c8dd53ab1dff6e66228e779832a449bf
2026-01-08,0xe8a7fe3b74b61642a938f217e8c117ff922d5e47
2025-12-31,0x2afe68343f1ce5933b82d783a727c041c119614a
2025-09-17,0xfcfe12e83b7c8b34cd53b3cbd7543e0c4b2534f9
2025-10-14,0x3ab7ba39572107d926821d3b4a605fe95f42ab59
2025-11-09,0xab1c40889175ea24b83175d9e09ee335ddf5a1ab
2026-01-18,0xb0e83c2d71a991017e0116d58c5765abc57384af
2025-11-19,0xfff14378ec8d8f294ddb4e2ba6674004bacb5575
2025-08-25,0xa22dc341c8dd53ab1dff6e66228e779832a449bf
2025-10-24,0x309ccbc93c8211c7dabfffb2fa96aaa78f9c7910
2025-11-21,0x9cd81e91fa8bc96c5ef3d15030e1e3351e4ece02
2026-01-22,0x54e3bfd1ec4fa3c644a32ece22a627dabfc2b105
2025-11-14,0xab1c40889175ea24b83175d9e09ee335ddf5a1ab
2025-11-27,0x2afe68343f1ce5933b82d783a727c041c119614a
2025-11-17,0xab1c40889175ea24b83175d9e09ee335ddf5a1ab
2025-10-01,0xf0542a7e93e3a4c42044ec939802608bde015464
2025-11-07,0xab1c40889175ea24b83175d9e09ee335ddf5a1ab
2026-02-08,0x529f288298fe949c9c5c3323554c782db5021ed0
2025-10-01,0xf0542a7e93e3a4c42044ec939802608bde015464
2026-01-31,0x5d00572ceb25d11c774977c55feb6388e803b8d0
2026-01-19,0xb0e83c2d71a991017e0116d58c5765abc57384af
2025-12-02,0xab1c40889175ea24b83175d9e09ee335ddf5a1ab
2026-01-20,0xdc0604b378adca99a9e2096707ad4830673ce5b8
2025-07-18,0xb2cc0d719b71fb91082e050967b644a5e55b33a0
2024-08-06,0xa22dc341c8dd53ab1dff6e66228e779832a449bf
2025-12-30,0xde3a652686a4d19f90731d9877d44594f83b37e7
2026-01-20,0xdc0604b378adca99a9e2096707ad4830673ce5b8
2025-10-06,0xab1c40889175ea24b83175d9e09ee335ddf5a1ab
2025-11-06,0xc6a82e72156a11a2e1634633af5e4517b451f0d9
2025-11-07,0xab1c40889175ea24b83175d9e09ee335ddf5a1ab
2026-01-18,0xb0e83c2d71a991017e0116d58c5765abc57384af
2025-10-12,0xc788fa2cdf965ac3478c3a26162a9d49bc4f1e45
2026-02-03,0x5d00572ceb25d11c774977c55feb6388e803b8d0
2025-11-07,0xab1c40889175ea24b83175d9e09ee335ddf5a1ab
2025-10-21,0xa22dc341c8dd53ab1dff6e66228e779832a449bf
2025-05-08,0xb2cc0d719b71fb91082e050967b644a5e55b33a0
2026-01-06,0xb5f61afc77e4d3a7c89788252e8d4e25bdf0d38c
2026-01-23,0xdc0604b378adca99a9e2096707ad4830673ce5b8
2025-10-03,0x05fc68f4b7714389a17128653f82d50bee98e542
2026-01-14,0xdc0604b378adca99a9e2096707ad4830673ce5b8
2025-11-28,0x2afe68343f1ce5933b82d783a727c041c119614a
2025-09-23,0x2afe68343f1ce5933b82d783a727c041c119614a
2025-11-17,0xc6a82e72156a11a2e1634633af5e4517b451f0d9
2026-01-28,0x529f288298fe949c9c5c3323554c782db5021ed0
2025-12-29,0xab1c40889175ea24b83175d9e09ee335ddf5a1ab
2025-10-20,0xa22dc341c8dd53ab1dff6e66228e779832a449bf
2025-01-10,0xb2cc0d719b71fb91082e050967b644a5e55b33a0
2026-01-24,0xb0e83c2d71a991017e0116d58c5765abc57384af
2025-06-30,0x6e9c821c6b3d56c11ef85070df079f0e652d530c
2026-01-02,0xa5be2b01321c89b0b729cd99eacaccb8e6a96730
2026-01-20,0xda31f8955f9583fe9286f92f7e0ea2aff46e8d3f
2025-11-21,0xab1c40889175ea24b83175d9e09ee335ddf5a1ab
2025-06-25,0xb2cc0d719b71fb91082e050967b644a5e55b33a0
2026-02-09,0x9566e3e6f55d4378243e55de8e037ee8e6e4de7e
2025-10-29,0x87a9c2a5a528381ec8cca57aa2b01ef183c4e1b7
2026-01-20,0xdc0604b378adca99a9e2096707ad4830673ce5b8
2026-01-24,0x830ed1364ab011d5aa8acd2cf816604bff3b15fc
2025-06-30,0x6e9c821c6b3d56c11ef85070df079f0e652d530c
2024-12-14,0xa22dc341c8dd53ab1dff6e66228e779832a449bf
2026-01-29,0xa5ed8da239f400141427800da33b602a039f2254
2025-11-01,0xc6a82e72156a11a2e1634633af5e4517b451f0d9
2026-01-25,0xaad52333ee571a5c8a3ab4aa072c2ee0ba0302b6
2026-01-22,0xebd594bebf68a71bdcf37e5323c779abffc23457
2025-07-18,0xb2cc0d719b71fb91082e050967b644a5e55b33a0
2025-09-13,0x2afe68343f1ce5933b82d783a727c041c119614a
2026-01-24,0xda31f8955f9583fe9286f92f7e0ea2aff46e8d3f
2025-10-09,0x309ccbc93c8211c7dabfffb2fa96aaa78f9c7910
2026-01-24,0xdc0604b378adca99a9e2096707ad4830673ce5b8
2025-12-27,0xde3a652686a4d19f90731d9877d44594f83b37e7
2025-12-14,0xde3a652686a4d19f90731d9877d44594f83b37e7
2026-01-20,0xdc0604b378adca99a9e2096707ad4830673ce5b8
2026-02-07,0xf10581d6ba3d531bc3ce9b24af359089fe7616f1
2025-11-01,0xa22dc341c8dd53ab1dff6e66228e779832a449bf
2025-09-25,0x2afe68343f1ce5933b82d783a727c041c119614a
2026-01-28,0x1513cfeee6a5f0e6ea29ac33250ea6a15ba2ab0f
2025-11-02,0xab1c40889175ea24b83175d9e09ee335ddf5a1ab
2025-10-01,0xf0542a7e93e3a4c42044ec939802608bde015464
2026-01-04,0xa5be2b01321c89b0b729cd99eacaccb8e6a96730
2026-01-18,0x83fc27bc5fa8d6465b56cc77a4e28b1b8ce60e71
2026-02-08,0x529f288298fe949c9c5c3323554c782db5021ed0
2026-01-03,0xc839cbcb7bff9c4e07e98f1c83467a67bde56ae8
2025-08-22,0xb2cc0d719b71fb91082e050967b644a5e55b33a0
2025-12-16,0xce0603476a41afe406a77093b86c1d274eb92d65
2024-08-23,0xa22dc341c8dd53ab1dff6e66228e779832a449bf
2025-11-16,0xfff14378ec8d8f294ddb4e2ba6674004bacb5575
2025-10-01,0xf0542a7e93e3a4c42044ec939802608bde015464
2025-11-29,0x2afe68343f1ce5933b82d783a727c041c119614a
2026-01-23,0x24c47db1cc0ba028836bf808175c044055d037ec
2026-02-01,0x8b2f32ce4694cf8bc614e8efea4b9972a79542fc
2026-01-20,0xdc0604b378adca99a9e2096707ad4830673ce5b8
2025-12-17,0xde3a652686a4d19f90731d9877d44594f83b37e7
2025-07-18,0x3aa597f32de7c532af0f238da736fb7fe371cc47
2026-01-26,0xdc0604b378adca99a9e2096707ad4830673ce5b8
2025-11-26,0x2afe68343f1ce5933b82d783a727c041c119614a
2025-10-26,0xa22dc341c8dd53ab1dff6e66228e779832a449bf
2025-10-01,0xf0542a7e93e3a4c42044ec939802608bde015464
2025-12-14,0xde3a652686a4d19f90731d9877d44594f83b37e7
2025-09-18,0xf0542a7e93e3a4c42044ec939802608bde015464
2026-01-12,0xb5f61afc77e4d3a7c89788252e8d4e25bdf0d38c
2025-11-07,0xab1c40889175ea24b83175d9e09ee335ddf5a1ab
2026-01-29,0x32c77c057732d7b1776c678002c9c4e75460eb1e
2025-11-28,0x2afe68343f1ce5933b82d783a727c041c119614a
2026-02-03,0x5d00572ceb25d11c774977c55feb6388e803b8d0
2026-01-30,0x622344eec92c3de736e19ffbbe6e9cc017b2c6fe
2025-10-23,0x8dc5bbd620703e9e15ddafa882be2d82269326a2
2026-01-09,0x2afe68343f1ce5933b82d783a727c041c119614a
2025-11-06,0x38cd8d52a17f6f643f89342962a17ddf116b0f6b
2025-09-28,0x7f7aab3e03afd04b83d94319c7db312a8e08bd67
2026-01-25,0xb0e83c2d71a991017e0116d58c5765abc57384af
2026-01-29,0xa5ed8da239f400141427800da33b602a039f2254
2026-01-24,0x830ed1364ab011d5aa8acd2cf816604bff3b15fc
2025-11-06,0xc6a82e72156a11a2e1634633af5e4517b451f0d9
2026-01-12,0xb5f61afc77e4d3a7c89788252e8d4e25bdf0d38c
2025-09-13,0xb2cc0d719b71fb91082e050967b644a5e55b33a0
2025-10-22,0xce462148c5dc644085667fb4dcf67722b505d320
2025-10-13,0xc6a82e72156a11a2e1634633af5e4517b451f0d9
2026-02-12,0x529f288298fe949c9c5c3323554c782db5021ed0
2026-02-13,0xc02be9069082770d5b249f98b584d22a7599e8e0
2025-10-02,0x68ab2ebb00757d6e38a8414c69f768c48dcd516a
2026-01-19,0xdc0604b378adca99a9e2096707ad4830673ce5b8
2025-11-19,0xdcbfa46248c0b4d6eb405bb45065d34b7f88dc08
2026-01-19,0xdc0604b378adca99a9e2096707ad4830673ce5b8
2025-12-16,0xce0603476a41afe406a77093b86c1d274eb92d65
2025-09-30,0xf0542a7e93e3a4c42044ec939802608bde015464
2025-11-04,0xc6a82e72156a11a2e1634633af5e4517b451f0d9
2025-08-29,0xa22dc341c8dd53ab1dff6e66228e779832a449bf
2026-01-21,0xb0e83c2d71a991017e0116d58c5765abc57384af
2026-01-15,0xb0c6d7085fa8ccc6c174841495eb700130ea2e97
2025-11-28,0x2afe68343f1ce5933b82d783a727c041c119614a
2025-07-26,0xa22dc341c8dd53ab1dff6e66228e779832a449bf
2025-09-23,0x2afe68343f1ce5933b82d783a727c041c119614a
2026-01-17,0xab1c40889175ea24b83175d9e09ee335ddf5a1ab
2025-07-18,0xb2cc0d719b71fb91082e050967b644a5e55b33a0
2026-01-25,0xda31f8955f9583fe9286f92f7e0ea2aff46e8d3f
2025-08-23,0xb2cc0d719b71fb91082e050967b644a5e55b33a0
2026-01-11,0xb5f61afc77e4d3a7c89788252e8d4e25bdf0d38c
2025-10-14,0xd82f33cb12c573f4dd3c928b0aefbf4d3f8ae962
2026-01-20,0xda31f8955f9583fe9286f92f7e0ea2aff46e8d3f
2025-11-10,0xab1c40889175ea24b83175d9e09ee335ddf5a1ab
2025-10-11,0xc788fa2cdf965ac3478c3a26162a9d49bc4f1e45
2025-09-08,0xb2cc0d719b71fb91082e050967b644a5e55b33a0
2026-01-01,0x2afe68343f1ce5933b82d783a727c041c119614a
2025-06-29,0xb2cc0d719b71fb91082e050967b644a5e55b33a0
2025-11-14,0x1b1ed976669f4b33f436e22cb9cd0e85b26be5a0
2026-01-30,0x587cb1c9a24608aeca52c243987bd8de6a81350c
2025-06-27,0xb2cc0d719b71fb91082e050967b644a5e55b33a0
2026-01-26,0xdc0604b378adca99a9e2096707ad4830673ce5b8
2025-12-31,0xa5be2b01321c89b0b729cd99eacaccb8e6a96730
2025-11-26,0x3515e2159dd1c15249efc3fb6721aae72f8dcb51
2025-11-27,0x2afe68343f1ce5933b82d783a727c041c119614a
2025-12-31,0x2afe68343f1ce5933b82d783a727c041c119614a
2025-12-30,0xde3a652686a4d19f90731d9877d44594f83b37e7
2026-01-12,0xf10581d6ba3d531bc3ce9b24af359089fe7616f1
2026-01-18,0xb0e83c2d71a991017e0116d58c5765abc57384af
2025-11-08,0xab1c40889175ea24b83175d9e09ee335ddf5a1ab
2025-09-19,0xa22dc341c8dd53ab1dff6e66228e779832a449bf
2026-01-30,0x587cb1c9a24608aeca52c243987bd8de6a81350c
2026-01-20,0xdc0604b378adca99a9e2096707ad4830673ce5b8
2026-01-20,0xdc0604b378adca99a9e2096707ad4830673ce5b8
2025-09-04,0xb2cc0d719b71fb91082e050967b644a5e55b33a0
2026-02-02,0x5d00572ceb25d11c774977c55feb6388e803b8d0
2025-11-10,0xfff14378ec8d8f294ddb4e2ba6674004bacb5575
2025-10-01,0xf0542a7e93e3a4c42044ec939802608bde015464
2025-11-01,0xab1c40889175ea24b83175d9e09ee335ddf5a1ab
2025-11-16,0xc6a82e72156a11a2e1634633af5e4517b451f0d9
2026-01-22,0xda31f8955f9583fe9286f92f7e0ea2aff46e8d3f
2025-07-27,0x2afe68343f1ce5933b82d783a727c041c119614a
2025-12-04,0xf10581d6ba3d531bc3ce9b24af359089fe7616f1
2025-11-14,0x1b1ed976669f4b33f436e22cb9cd0e85b26be5a0
2026-02-13,0xc02be9069082770d5b249f98b584d22a7599e8e0
2026-01-20,0xdc0604b378adca99a9e2096707ad4830673ce5b8
2026-01-09,0x2afe68343f1ce5933b82d783a727c041c119614a
2025-08-05,0xb2cc0d719b71fb91082e050967b644a5e55b33a0
2026-02-03,0x5d00572ceb25d11c774977c55feb6388e803b8d0
2025-09-28,0xf6426847a83e8f2ee85ba396e121d3f5dd098a7d
2025-11-10,0xab1c40889175ea24b83175d9e09ee335ddf5a1ab
2025-10-27,0xdc0604b378adca99a9e2096707ad4830673ce5b8
2026-01-23,0xb0e83c2d71a991017e0116d58c5765abc57384af
2025-10-01,0xf0542a7e93e3a4c42044ec939802608bde015464
2025-09-18,0xf0542a7e93e3a4c42044ec939802608bde015464
2025-09-19,0xf0542a7e93e3a4c42044ec939802608bde015464
2025-11-30,0x2afe68343f1ce5933b82d783a727c041c119614a
2026-01-26,0xdc0604b378adca99a9e2096707ad4830673ce5b8
2025-02-01,0xa22dc341c8dd53ab1dff6e66228e779832a449bf
2026-01-24,0x2653ae2b7eadd861f22d7cb8ec4891955ebf68e8
2025-12-25,0xa22dc341c8dd53ab1dff6e66228e779832a449bf
2025-01-08,0xb2cc0d719b71fb91082e050967b644a5e55b33a0
2025-11-04,0xdc0604b378adca99a9e2096707ad4830673ce5b8
2025-11-08,0xa22dc341c8dd53ab1dff6e66228e779832a449bf
2026-01-17,0xdd3f3e36947c975ac9bd09a50eeb4530af398f11
2025-12-23,0xb5f61afc77e4d3a7c89788252e8d4e25bdf0d38c
2025-01-14,0xb2cc0d719b71fb91082e050967b644a5e55b33a0
2025-11-22,0xdc0604b378adca99a9e2096707ad4830673ce5b8
2025-11-20,0xc839cbcb7bff9c4e07e98f1c83467a67bde56ae8
2025-11-02,0xab1c40889175ea24b83175d9e09ee335ddf5a1ab
2025-10-01,0xf0542a7e93e3a4c42044ec939802608bde015464
2026-02-06,0xb2736e9cefafc7f3a504511df4140fb592623f8d
2025-12-02,0xfff14378ec8d8f294ddb4e2ba6674004bacb5575
2025-08-17,0xb2cc0d719b71fb91082e050967b644a5e55b33a0
2026-01-20,0xdc0604b378adca99a9e2096707ad4830673ce5b8
2025-11-12,0xc6a82e72156a11a2e1634633af5e4517b451f0d9
2026-02-03,0xa5ed8da239f400141427800da33b602a039f2254
2026-01-18,0x26063d0a5bdba1d8d6c2380009450760519452c8
2025-07-18,0xb2cc0d719b71fb91082e050967b644a5e55b33a0
2025-09-16,0xb2cc0d719b71fb91082e050967b644a5e55b33a0
2026-02-01,0x5d00572ceb25d11c774977c55feb6388e803b8d0
2026-01-16,0xdd3f3e36947c975ac9bd09a50eeb4530af398f11
2026-01-17,0xab1c40889175ea24b83175d9e09ee335ddf5a1ab
2025-10-05,0xdc0604b378adca99a9e2096707ad4830673ce5b8
2026-01-23,0xdc0604b378adca99a9e2096707ad4830673ce5b8
2026-01-18,0xd0a0db7d1b651afd4ca11bf20f5bc5586347dc73
2025-08-01,0xb2cc0d719b71fb91082e050967b644a5e55b33a0
2026-01-19,0xdc0604b378adca99a9e2096707ad4830673ce5b8
2025-10-02,0xf0542a7e93e3a4c42044ec939802608bde015464
2026-02-01,0x5d00572ceb25d11c774977c55feb6388e803b8d0
2026-01-04,0xb5f61afc77e4d3a7c89788252e8d4e25bdf0d38c
2025-11-29,0x2afe68343f1ce5933b82d783a727c041c119614a
2025-11-09,0xfff14378ec8d8f294ddb4e2ba6674004bacb5575
2025-09-30,0xf0542a7e93e3a4c42044ec939802608bde015464
2025-09-29,0xf0542a7e93e3a4c42044ec939802608bde015464
2025-12-12,0xc839cbcb7bff9c4e07e98f1c83467a67bde56ae8
2026-01-25,0x78b78f8fe3bfce96459e48ca61b05d73fda541fb
2026-01-12,0xf10581d6ba3d531bc3ce9b24af359089fe7616f1
2025-09-18,0xf0542a7e93e3a4c42044ec939802608bde015464
2025-11-08,0xab1c40889175ea24b83175d9e09ee335ddf5a1ab
2026-01-19,0xb0e83c2d71a991017e0116d58c5765abc57384af
2025-11-13,0xab1c40889175ea24b83175d9e09ee335ddf5a1ab
2026-01-20,0xdc0604b378adca99a9e2096707ad4830673ce5b8
2025-12-14,0xde3a652686a4d19f90731d9877d44594f83b37e7
2026-01-28,0xc6a82e72156a11a2e1634633af5e4517b451f0d9
2025-11-09,0xab1c40889175ea24b83175d9e09ee335ddf5a1ab
2026-01-20,0xf6c992fbd5c77838ef12a69b0c9ec07ff94bdb74
2025-10-22,0xcee6729c9005476a344c0c7aa0bf05d0a7303d8f
2026-01-23,0x24c47db1cc0ba028836bf808175c044055d037ec
2026-01-24,0x830ed1364ab011d5aa8acd2cf816604bff3b15fc
2025-07-31,0xb2cc0d719b71fb91082e050967b644a5e55b33a0
2025-11-19,0xb8894bd1f9e236f030963f5a7daee4a0f94c69d0
2026-01-13,0xdc0604b378adca99a9e2096707ad4830673ce5b8
2025-08-06,0x2afe68343f1ce5933b82d783a727c041c119614a
2025-11-10,0xab1c40889175ea24b83175d9e09ee335ddf5a1ab
2026-01-28,0x1513cfeee6a5f0e6ea29ac33250ea6a15ba2ab0f
2026-01-17,0x017dd2af619d2da6264710735b85e87cd78c4fe8
2025-10-01,0xf0542a7e93e3a4c42044ec939802608bde015464
2026-01-20,0xdc0604b378adca99a9e2096707ad4830673ce5b8
2025-11-07,0xab1c40889175ea24b83175d9e09ee335ddf5a1ab
2026-01-22,0xef5668da056ea0a5ef13cde9fb934d42eb006847
2025-10-07,0xa22dc341c8dd53ab1dff6e66228e779832a449bf
2026-01-11,0xa5ed8da239f400141427800da33b602a039f2254
2025-11-14,0xc6a82e72156a11a2e1634633af5e4517b451f0d9
2025-10-03,0xcbcdca647cfda9283992193604f8718a910b42fc
2025-09-13,0xb2cc0d719b71fb91082e050967b644a5e55b33a0
2025-11-26,0x2afe68343f1ce5933b82d783a727c041c119614a
2025-08-17,0xb2cc0d719b71fb91082e050967b644a5e55b33a0
2025-11-20,0xb16f66f82e026e530d2586841f05b5aee4581ae3
2026-01-28,0x1513cfeee6a5f0e6ea29ac33250ea6a15ba2ab0f
2026-01-23,0x24c47db1cc0ba028836bf808175c044055d037ec
2026-01-18,0xad6d1c6bbdac1f1890cd070a5372781062e267a9
2025-01-10,0xb2cc0d719b71fb91082e050967b644a5e55b33a0
2025-11-07,0xa22dc341c8dd53ab1dff6e66228e779832a449bf
2025-09-17,0xa22dc341c8dd53ab1dff6e66228e779832a449bf
2026-01-28,0x1513cfeee6a5f0e6ea29ac33250ea6a15ba2ab0f
2025-10-27,0xa22dc341c8dd53ab1dff6e66228e779832a449bf
2025-10-15,0xc788fa2cdf965ac3478c3a26162a9d49bc4f1e45
2026-01-21,0xf6c992fbd5c77838ef12a69b0c9ec07ff94bdb74
2025-11-09,0xdc0604b378adca99a9e2096707ad4830673ce5b8
2026-01-12,0xf10581d6ba3d531bc3ce9b24af359089fe7616f1