Utilisateur liquidé,Date de la liquidation,SUM of Quantité liquidée
0x0ecf7674afac3d704444b8a55654e7e8d8df4a2f,2026-01-30,128.67
,2026-01-28,439.85
,2026-01-27,241.22
,2026-01-26,4.95
,2026-01-25,54.98
,2026-01-24,173.95
,2026-01-22,82.49
,2026-01-21,199.61
,2026-01-20,252.90
,2026-01-10,"1,009.75"
,2026-01-09,72.58
,2025-12-23,467.41
,2025-12-22,50.29
,2025-12-20,101.01
,2025-12-19,100.09
,2025-12-15,229.99
,2025-12-10,319.33
,2025-12-05,301.20
,2025-11-19,"1,045.48"
,2025-11-16,754.00
,2025-11-10,421.83
,2025-11-08,"3,148.96"
,2025-11-03,352.95
,2025-10-28,510.77
,2025-10-24,494.93
,2025-10-21,291.48
,2025-08-30,"38,493.82"
,2025-08-27,"1,924.09"
0x0ecf7674afac3d704444b8a55654e7e8d8df4a2f Total,,"51,668.58"
0x309ccbc93c8211c7dabfffb2fa96aaa78f9c7910,2026-02-08,0.00
,2026-01-30,38.49
,2026-01-29,12.21
,2026-01-28,11.00
,2026-01-27,"2,508.53"
,2026-01-26,198.11
,2026-01-25,521.25
,2026-01-24,879.71
,2026-01-23,"42,239.40"
,2026-01-22,439.93
,2026-01-21,23.09
,2026-01-20,646.02
,2026-01-19,"2,153.24"
,2026-01-18,935.47
,2026-01-17,435.05
0x309ccbc93c8211c7dabfffb2fa96aaa78f9c7910 Total,,"51,041.51"
0x5f7b30c41f68c12018e0ca64bf8a57e3bef454f6,2025-10-26,"30,246.81"
0x5f7b30c41f68c12018e0ca64bf8a57e3bef454f6 Total,,"30,246.81"
0x6d03cbc95172c140cbcd06d16f6c8c29e322c14e,2026-02-11,2.73
,2026-02-02,5.43
,2026-02-01,43.98
,2026-01-24,10.78
,2026-01-23,21.54
,2026-01-20,128.91
,2026-01-19,15.40
,2026-01-17,186.77
,2026-01-15,2.97
,2025-12-28,310.33
,2025-12-23,"3,056.21"
,2025-12-16,0.45
,2025-12-14,53.23
,2025-12-05,53.58
,2025-12-04,74.00
,2025-12-01,214.45
,2025-11-28,439.94
,2025-11-27,219.97
,2025-11-19,"2,201.84"
,2025-11-14,55.21
,2025-11-10,0.09
,2025-11-09,0.00
,2025-11-08,0.11
,2025-11-07,0.89
,2025-11-02,2.07
,2025-10-30,"13,758.51"
,2025-10-29,20.77
,2025-10-28,30.79
,2025-10-26,1.10
,2025-10-22,219.99
,2025-10-15,306.94
,2025-10-14,110.01
,2025-10-13,55.00
,2025-10-12,55.00
,2025-10-11,111.08
,2025-10-10,49.48
,2025-10-07,131.95
,2025-10-05,134.13
,2025-10-02,117.78
,2025-10-01,49.49
,2025-09-30,53.89
0x6d03cbc95172c140cbcd06d16f6c8c29e322c14e Total,,"22,306.80"
0x4f7765c9febc51cd63f68f573920c0b7bf803151,2025-10-02,49.60
,2025-10-01,33.98
,2025-09-29,6.60
,2025-09-28,343.54
,2025-09-19,"6,686.28"
,2025-09-18,"1,071.94"
,2025-09-17,622.59
,2025-09-16,"5,381.24"
,2025-09-15,15.44
0x4f7765c9febc51cd63f68f573920c0b7bf803151 Total,,"14,211.20"
0xe47263b1e75f798a7d1b46f41ada6f4379647e46,2026-02-01,435.42
,2025-11-22,109.99
,2025-07-01,"11,998.68"
0xe47263b1e75f798a7d1b46f41ada6f4379647e46 Total,,"12,544.08"
0xaa7eccb54d0e82523bee084835aa7e241d8be164,2026-01-21,56.96
,2026-01-17,109.98
,2026-01-04,87.90
,2026-01-03,731.21
,2025-12-31,115.47
,2025-12-30,170.45
,2025-12-28,112.18
,2025-12-26,"1,176.99"
,2025-12-23,"1,917.65"
,2025-12-16,109.99
,2025-12-14,214.48
,2025-12-07,0.82
,2025-11-30,72.83
,2025-11-29,"2,474.53"
,2025-11-28,219.96
,2025-11-26,109.98
,2025-11-19,"3,791.30"
,2025-11-14,55.00
0xaa7eccb54d0e82523bee084835aa7e241d8be164 Total,,"11,527.66"
0x89774212594bd2436eeda801904f74cc2b5e098e,2026-01-30,12.10
,2026-01-28,450.85
,2026-01-26,0.27
,2026-01-24,2.71
,2026-01-20,323.58
,2026-01-17,165.47
,2026-01-16,98.98
,2026-01-10,205.65
,2025-12-25,157.52
,2025-12-21,120.99
,2025-12-12,241.96
,2025-12-11,11.22
,2025-11-29,346.04
,2025-11-27,90.71
,2025-11-14,"7,853.97"
0x89774212594bd2436eeda801904f74cc2b5e098e Total,,"10,082.02"
0x32c89a5f2147347eda137472ccc3e439d45c83e6,2025-11-26,219.95
,2025-11-20,55.11
,2025-11-15,54.99
,2025-11-14,55.00
,2025-11-10,6.41
,2025-10-24,"2,749.60"
,2025-10-23,20.90
,2025-10-21,93.49
,2025-10-09,"3,794.00"
,2025-10-03,120.97
0x32c89a5f2147347eda137472ccc3e439d45c83e6 Total,,"7,170.43"
0xd7260631eb8751c74ab3d407274dff030d140b10,2026-01-29,55.70
,2026-01-28,453.32
,2026-01-26,8.25
,2026-01-23,"3,615.99"
,2026-01-22,5.50
,2026-01-21,60.49
,2026-01-20,"2,021.44"
0xd7260631eb8751c74ab3d407274dff030d140b10 Total,,"6,220.68"
0x2c78b7f84fee10ef06d8709fd14dc87c7db92c23,2026-01-18,"5,549.79"
0x2c78b7f84fee10ef06d8709fd14dc87c7db92c23 Total,,"5,549.79"
0xcf1d4fcb4a2e7617973c75b414b7498f742a88f3,2026-02-08,23.84
,2026-02-07,30.32
,2026-02-06,31.66
,2025-12-05,"3,549.65"
,2025-10-27,"1,561.84"
0xcf1d4fcb4a2e7617973c75b414b7498f742a88f3 Total,,"5,197.31"
0x8011c91c138b9cd085f9d82b5790621dbaacfcb3,2026-02-03,4.35
,2025-09-26,5.94
,2025-09-16,14.17
,2025-09-07,28.26
,2025-09-04,56.48
,2025-08-25,112.59
,2025-08-22,224.99
,2025-08-03,447.70
,2025-07-08,886.75
,2025-05-01,"1,671.49"
0x8011c91c138b9cd085f9d82b5790621dbaacfcb3 Total,,"3,452.72"
0xd325b1dfb97285692b4efbe3fb98f19688cfc3e7,2026-01-29,857.70
,2026-01-25,"2,478.64"
0xd325b1dfb97285692b4efbe3fb98f19688cfc3e7 Total,,"3,336.34"
0x6e2bc0e64e9d9133646b770cd16c2ddb352cc92b,2025-11-17,165.38
,2025-09-02,144.28
,2025-08-03,275.40
,2025-07-20,547.77
,2025-07-09,822.21
,2025-06-14,"1,225.26"
0x6e2bc0e64e9d9133646b770cd16c2ddb352cc92b Total,,"3,180.30"
0xaf58b6760539df0b97596640e64f34ab599c6335,2026-02-02,"2,408.58"
,2026-01-24,143.86
,2026-01-04,112.19
,2025-11-24,255.76
,2025-11-09,101.26
,2025-10-27,109.99
0xaf58b6760539df0b97596640e64f34ab599c6335 Total,,"3,131.64"
0x7d1bec06421bb69fcfbd4a9863c0aa08e084cf74,2025-11-26,"1,702.22"
,2025-11-21,10.13
,2025-11-14,55.00
,2025-11-12,11.91
,2025-11-11,0.79
,2025-11-09,11.00
,2025-11-08,2.93
,2025-10-30,"1,150.54"
0x7d1bec06421bb69fcfbd4a9863c0aa08e084cf74 Total,,"2,944.52"
0x3c6c0ad57cccde8b4be955d57a63c42ceec529f9,2025-12-29,"2,365.70"
,2025-12-02,203.55
0x3c6c0ad57cccde8b4be955d57a63c42ceec529f9 Total,,"2,569.25"
0x1b4c9373eb6d9e06f22152cfb778ec1d419ff6ad,2026-01-18,"2,549.05"
0x1b4c9373eb6d9e06f22152cfb778ec1d419ff6ad Total,,"2,549.05"
0xd66e507883cdf2e29adf8a3c25cf8120c783de78,2026-01-12,108.68
,2026-01-11,25.18
,2025-11-20,118.33
,2025-11-06,44.00
,2025-11-05,0.26
,2025-10-23,43.13
,2025-10-21,5.50
,2025-10-18,11.00
,2025-08-27,"2,156.37"
0xd66e507883cdf2e29adf8a3c25cf8120c783de78 Total,,"2,512.44"
0x5d79341fe59b96648255161cf044edd6b6926627,2026-01-20,"1,114.10"
,2026-01-11,100.23
,2025-11-30,549.92
,2025-11-04,376.18
0x5d79341fe59b96648255161cf044edd6b6926627 Total,,"2,140.44"
0x50a782f704f952fd12e41f2df1f3fde70efef51e,2026-01-23,962.46
,2026-01-22,5.50
,2026-01-02,112.17
,2025-12-04,188.31
,2025-11-11,141.14
,2025-10-28,351.95
,2025-10-27,10.89
,2025-10-19,66.00
,2025-10-12,66.00
,2025-10-06,54.99
,2025-10-01,41.80
,2025-09-30,13.20
0x50a782f704f952fd12e41f2df1f3fde70efef51e Total,,"2,014.41"
0xcac03944ad8b30288a42f67d2229dd0a42e0b12f,2024-08-23,17.93
,2024-08-10,35.80
,2024-08-06,67.18
,2024-07-20,136.36
,2024-07-10,271.68
,2024-06-28,496.48
,2024-06-27,951.04
0xcac03944ad8b30288a42f67d2229dd0a42e0b12f Total,,"1,976.47"
0x1de6800d6c2d2430edee2b52c49dcf89dfb84374,2025-10-20,671.02
,2025-07-14,"1,166.30"
0x1de6800d6c2d2430edee2b52c49dcf89dfb84374 Total,,"1,837.32"
0x369237ec452ca56a402d4dde5f808ce8612abc87,2026-01-12,35.28
,2025-12-16,228.44
,2025-12-15,0.00
,2025-11-16,16.42
,2025-08-27,456.95
,2025-08-23,912.65
0x369237ec452ca56a402d4dde5f808ce8612abc87 Total,,"1,649.74"
0xc2eba74e4afebe88149b3f1ce9ac97beb2c7d1a6,2026-02-05,10.80
,2026-02-03,21.56
,2026-02-01,43.05
,2026-01-31,86.00
,2026-01-17,5.50
,2026-01-15,142.87
,2026-01-12,69.46
,2026-01-10,112.91
,2026-01-09,82.11
,2026-01-08,9.90
,2026-01-06,133.97
,2026-01-04,218.22
,2025-12-31,207.65
,2025-12-30,484.31
0xc2eba74e4afebe88149b3f1ce9ac97beb2c7d1a6 Total,,"1,628.31"
0x3bd047b6bd542e57af986a923a3c5c469ba5e4b9,2026-01-31,"1,579.84"
0x3bd047b6bd542e57af986a923a3c5c469ba5e4b9 Total,,"1,579.84"
0x98db3255ebb8760ef8450330ad6fe91f30573fa0,2025-01-16,10.26
,2025-01-15,20.52
,2025-01-14,41.02
,2025-01-10,"1,230.08"
,2025-01-07,242.02
0x98db3255ebb8760ef8450330ad6fe91f30573fa0 Total,,"1,543.90"
0x94fd79440abe8d762945ca25dc0e025f424d0c79,2025-09-18,1.74
,2025-09-17,2.51
,2025-09-10,5.97
,2025-08-17,11.86
,2025-08-05,23.64
,2025-08-01,47.22
,2025-07-31,94.40
,2025-07-30,188.76
,2025-07-26,376.67
,2025-07-20,751.79
0x94fd79440abe8d762945ca25dc0e025f424d0c79 Total,,"1,504.55"
0x1593b1a5c5942aa49af1ae1ccf3d7def33a0d011,2026-02-04,"1,497.80"
0x1593b1a5c5942aa49af1ae1ccf3d7def33a0d011 Total,,"1,497.80"
0x005f16f017aa933bb41965b52848ceb8ee48b171,2025-06-04,"1,488.27"
0x005f16f017aa933bb41965b52848ceb8ee48b171 Total,,"1,488.27"
0xb44ec16db4edbdc6068fcdd458f66bb90430989f,2026-01-28,439.85
,2026-01-25,659.81
,2026-01-24,176.53
,2026-01-23,206.14
0xb44ec16db4edbdc6068fcdd458f66bb90430989f Total,,"1,482.34"
0x3656acfd7eabc33cfe9fe9005093ae38feede5d8,2025-06-24,"1,472.34"
0x3656acfd7eabc33cfe9fe9005093ae38feede5d8 Total,,"1,472.34"
0xe2260712e61a7832d8b2ae59055d0fd7a28518e3,2026-01-03,56.09
,2025-08-30,446.71
,2025-04-29,862.41
0xe2260712e61a7832d8b2ae59055d0fd7a28518e3 Total,,"1,365.21"
0x2872eb71eeebf9df13ec1480fc2129e3811dc04f,2025-03-24,"1,205.95"
0x2872eb71eeebf9df13ec1480fc2129e3811dc04f Total,,"1,205.95"
0x7d9ab478df690d523f3b419874b5ee0da3963924,2026-01-17,"1,033.55"
,2026-01-16,142.96
0x7d9ab478df690d523f3b419874b5ee0da3963924 Total,,"1,176.51"
0xd795f515726dc819f857b356f698d259c3324961,2025-10-06,73.57
,2025-09-07,304.08
,2025-08-20,576.97
0xd795f515726dc819f857b356f698d259c3324961 Total,,954.62
0x3f9283fd17ce14a2e1b3d138151651fc2660193b,2026-01-11,509.10
,2025-12-13,53.90
,2025-11-21,55.91
,2025-11-09,26.97
,2025-11-08,0.03
,2025-11-07,201.20
0x3f9283fd17ce14a2e1b3d138151651fc2660193b Total,,847.11
0x65dd1da49d64896a8315f61a143de97c6e401f5e,2026-01-28,711.46
,2026-01-27,54.98
0x65dd1da49d64896a8315f61a143de97c6e401f5e Total,,766.44
0xdce89ec250f99297c29805062af2b725278700c1,2025-11-22,255.75
,2025-11-20,5.06
,2025-11-16,199.71
,2025-11-14,109.99
,2025-11-10,140.87
0xdce89ec250f99297c29805062af2b725278700c1 Total,,711.39
0x9566e3e6f55d4378243e55de8e037ee8e6e4de7e,2025-11-04,659.97
0x9566e3e6f55d4378243e55de8e037ee8e6e4de7e Total,,659.97
0x4765027f7d763ac139d71062d815e43a5d764e1c,2026-01-26,3.26
,2026-01-09,77.35
,2026-01-08,0.03
,2026-01-07,0.27
,2026-01-04,154.73
,2026-01-03,0.04
,2026-01-02,0.42
,2025-12-28,0.71
,2025-12-19,3.64
,2025-11-08,309.30
,2025-11-07,1.02
,2025-10-19,100.77
0x4765027f7d763ac139d71062d815e43a5d764e1c Total,,651.55
0xe6119bb362f9ef0bcd714e0f6867a1a9ec15c5ad,2025-11-12,8.54
,2025-09-08,20.30
,2025-07-31,40.14
,2025-07-26,80.09
,2025-07-20,159.88
,2025-07-18,319.52
0xe6119bb362f9ef0bcd714e0f6867a1a9ec15c5ad Total,,628.47
0x875f0b529958f4164a3d9d19487c6ecf202ca4cd,2026-02-11,608.03
0x875f0b529958f4164a3d9d19487c6ecf202ca4cd Total,,608.03
0xc7466d304d5c1bcb4238b6007344d8e68bf93d4e,2026-01-15,7.49
,2026-01-12,0.05
,2025-12-14,10.23
,2025-11-21,17.34
,2025-11-17,29.42
,2025-11-07,31.75
,2025-11-01,72.34
,2025-10-14,167.59
,2025-07-29,249.01
0xc7466d304d5c1bcb4238b6007344d8e68bf93d4e Total,,585.22
0x712b6ece8e488d48f54782a6fe0f59aefdef12c5,2026-01-26,497.05
0x712b6ece8e488d48f54782a6fe0f59aefdef12c5 Total,,497.05
0x847edd116314b47e67570fdb819c1edeefe156de,2026-02-02,441.71
,2026-02-01,17.09
0x847edd116314b47e67570fdb819c1edeefe156de Total,,458.80
0x57180b888a36d753e9990d38bc1040c18f740e0b,2025-11-01,69.29
,2025-10-27,119.59
,2025-07-29,267.36
0x57180b888a36d753e9990d38bc1040c18f740e0b Total,,456.24
0xc0b86ab7eadc50faaa7e6481fc14f937c0262881,2026-02-07,3.54
,2026-01-19,424.96
0xc0b86ab7eadc50faaa7e6481fc14f937c0262881 Total,,428.50
0x008277d1c495ad548617014330a86bbf61fd8b3e,2025-12-23,243.16
,2025-11-25,21.99
,2025-11-17,60.38
,2025-11-16,102.49
0x008277d1c495ad548617014330a86bbf61fd8b3e Total,,428.02
0xeb96f53778b8d14ddc1a2319a9cfcd95ad737cfd,2025-11-20,2.03
,2025-11-06,8.24
,2025-10-31,14.04
,2025-10-14,24.03
,2025-08-05,53.99
,2025-08-01,107.84
,2025-07-28,215.33
0xeb96f53778b8d14ddc1a2319a9cfcd95ad737cfd Total,,425.51
0x5d38d703852e4c9b1010ce9e0145527dc57f4abb,2025-10-01,1.44
,2025-09-16,3.44
,2025-07-18,6.76
,2025-02-12,12.96
,2025-01-28,25.79
,2025-01-21,51.47
,2025-01-10,102.56
,2025-01-06,204.86
0x5d38d703852e4c9b1010ce9e0145527dc57f4abb Total,,409.28
0xa7a6fd4970e83b20650d583ecb793eb3d2b1424a,2026-01-18,296.94
,2026-01-17,110.61
0xa7a6fd4970e83b20650d583ecb793eb3d2b1424a Total,,407.56
0x1aff351a742297513402635b72e252d05fd3fee1,2026-01-23,351.98
,2026-01-17,5.50
0x1aff351a742297513402635b72e252d05fd3fee1 Total,,357.48
0xb5706912bf78987a3737a2e145ec173ed384ec68,2026-01-12,10.70
,2026-01-01,21.32
,2025-11-29,42.23
,2025-11-26,84.40
,2025-10-18,158.25
0xb5706912bf78987a3737a2e145ec173ed384ec68 Total,,316.89
0x3c63f894b4aefce537d1cfa79d77c86e996fe810,2026-02-10,33.35
,2026-02-06,161.01
,2026-02-05,120.66
0x3c63f894b4aefce537d1cfa79d77c86e996fe810 Total,,315.02
0x1338b5232a503779b60167143f94b73c4001793c,2026-01-15,5.12
,2025-12-28,10.18
,2025-11-26,20.17
,2025-11-07,0.99
,2025-11-04,28.81
,2025-11-02,49.08
,2025-10-13,83.98
,2025-10-06,97.20
,2025-09-13,10.21
0x1338b5232a503779b60167143f94b73c4001793c Total,,305.73
0x6a38a2e7272ff8dc75a772d2f267b82919deec1c,2026-01-28,199.08
,2026-01-26,57.18
,2026-01-20,9.90
,2026-01-19,11.00
0x6a38a2e7272ff8dc75a772d2f267b82919deec1c Total,,277.15
0x3b64ded3524f6debe9602535a34922beac3dd2f6,2025-11-03,1.97
,2025-10-10,5.39
,2025-07-18,7.84
,2025-02-01,14.19
,2025-01-08,31.46
,2025-01-05,62.85
,2024-12-14,124.29
0x3b64ded3524f6debe9602535a34922beac3dd2f6 Total,,247.98
0x90321f0db2eedb928b16dc8eebedae2837023eed,2026-01-10,179.23
,2025-09-24,53.89
0x90321f0db2eedb928b16dc8eebedae2837023eed Total,,233.12
0x66d765b2942ee17e0fb98dff9b81d0b3175d8a38,2026-02-09,0.57
,2026-02-07,0.16
,2026-02-06,0.33
,2026-01-28,118.76
,2026-01-26,108.34
0x66d765b2942ee17e0fb98dff9b81d0b3175d8a38 Total,,228.16
0xd7dc4f2038ef3529f2354c0d19957947574dfc20,2025-04-30,222.74
0xd7dc4f2038ef3529f2354c0d19957947574dfc20 Total,,222.74
0xe506ac2211455856733b98913bb9605137180eac,2026-01-24,221.03
0xe506ac2211455856733b98913bb9605137180eac Total,,221.03
0x78b1eac5f6804b7017083d5dcec98afeec9de6ed,2025-08-29,216.68
0x78b1eac5f6804b7017083d5dcec98afeec9de6ed Total,,216.68
0xbaa10068b05d87746c78266bdf6fed4cfa279c41,2026-01-17,49.49
,2025-10-17,153.98
0xbaa10068b05d87746c78266bdf6fed4cfa279c41 Total,,203.47
0x743753fbb67f4cbd42d9bb88ba40b0d8b78ca278,2026-01-21,2.45
,2025-12-02,3.70
,2025-10-17,6.32
,2025-09-21,10.88
,2025-08-17,25.71
,2025-08-04,51.24
,2025-07-27,102.10
0x743753fbb67f4cbd42d9bb88ba40b0d8b78ca278 Total,,202.39
0x0c3a7a4a898963ca38b12d61c321207f336f9e04,2026-01-22,201.42
0x0c3a7a4a898963ca38b12d61c321207f336f9e04 Total,,201.42
0xe96739caa7cbf0f79a81ae7241d2123c4fa42be3,2026-01-18,201.13
0xe96739caa7cbf0f79a81ae7241d2123c4fa42be3 Total,,201.13
0xde3da56cd1b70b998e29f6316c535c6f16544b18,2025-05-08,196.82
0xde3da56cd1b70b998e29f6316c535c6f16544b18 Total,,196.82
0x9d109e3f6889f28d8a559bca9352086bfda03064,2026-01-03,102.90
,2025-11-27,88.81
0x9d109e3f6889f28d8a559bca9352086bfda03064 Total,,191.71
0xcf4ae13784cdfabfdb8fe82e81b7d38b6c5c5b65,2024-11-01,176.77
0xcf4ae13784cdfabfdb8fe82e81b7d38b6c5c5b65 Total,,176.77
0x9c643c0ac58fd8eb27527829da07f29ab6e892ae,2025-08-13,174.88
0x9c643c0ac58fd8eb27527829da07f29ab6e892ae Total,,174.88
0x8c868fe878bc4557a9af5ee813b5ee57f047e7fd,2026-02-01,2.11
,2025-11-07,2.86
,2025-11-02,0.06
,2025-08-17,6.81
,2025-07-29,13.53
,2025-07-21,26.98
,2025-07-18,40.23
,2025-06-25,78.45
0x8c868fe878bc4557a9af5ee813b5ee57f047e7fd Total,,171.02
0x9cd435ec62ddf0fae144760fae06167fde3fed2e,2025-11-27,169.50
0x9cd435ec62ddf0fae144760fae06167fde3fed2e Total,,169.50
0x3d77c4e58c09e4804531c3799f41d88767649573,2026-02-09,1.51
,2026-02-08,161.66
0x3d77c4e58c09e4804531c3799f41d88767649573 Total,,163.17
0xf1d049c3fc9e5a385c61977a262b602948a21282,2026-01-19,1.71
,2025-12-25,3.39
,2025-11-29,6.73
,2025-11-07,7.63
,2025-07-28,20.32
,2025-07-27,38.49
,2025-07-18,78.86
0xf1d049c3fc9e5a385c61977a262b602948a21282 Total,,157.14
0x46ab48c66a7ede1126ef780eb4be795abdc3bfb5,2026-01-18,5.48
,2025-11-24,3.30
,2025-11-14,9.78
,2025-11-09,16.63
,2025-07-19,38.92
,2025-07-17,77.79
0x46ab48c66a7ede1126ef780eb4be795abdc3bfb5 Total,,151.90
0x34c8c9490cdab71f63709c81fe6e6c01e63e62b8,2026-01-28,51.68
,2025-12-14,98.99
0x34c8c9490cdab71f63709c81fe6e6c01e63e62b8 Total,,150.67
0x26bf204fd437f7a69889afb702d0bfd62f48d62f,2025-11-14,2.04
,2025-11-12,0.01
,2025-11-07,0.04
,2025-09-17,4.92
,2025-09-11,9.81
,2025-08-06,18.58
,2025-07-25,36.98
,2025-07-18,73.80
0x26bf204fd437f7a69889afb702d0bfd62f48d62f Total,,146.18
0xbd18252e2aa7bf08e6cbfd8852cb3740eee0687f,2025-11-28,1.79
,2025-09-13,3.48
,2025-08-17,6.91
,2025-07-18,13.68
,2025-06-30,27.21
,2025-06-27,54.37
0xbd18252e2aa7bf08e6cbfd8852cb3740eee0687f Total,,107.44
0xee630cd2e857189a3c04c5d94593e1e0fbf2bb10,2025-12-27,65.99
,2025-12-02,39.62
0xee630cd2e857189a3c04c5d94593e1e0fbf2bb10 Total,,105.61
0x51982482c9070b20a30ef3385aaa1a97e6ea4583,2026-01-13,104.51
0x51982482c9070b20a30ef3385aaa1a97e6ea4583 Total,,104.51
0x4a7fb519b3cf634017952947be3a24f1473ac472,2026-01-11,2.04
,2025-10-21,2.82
,2025-09-27,6.73
,2025-08-15,13.31
,2025-08-09,26.56
,2025-07-19,52.74
0x4a7fb519b3cf634017952947be3a24f1473ac472 Total,,104.20
0x08d0398c85f342071af7da83702f0306d9fd40d9,2026-01-24,3.50
,2025-10-11,1.10
,2025-02-01,7.29
,2025-01-08,14.47
,2024-12-23,28.80
,2024-12-19,47.82
0x08d0398c85f342071af7da83702f0306d9fd40d9 Total,,102.99
0x5025ab6d4b86c2d4e4c27220f8fcf58dff846297,2026-01-12,3.41
,2025-11-30,6.73
,2025-11-26,13.45
,2025-11-13,0.26
,2025-08-02,26.18
,2025-07-20,52.08
0x5025ab6d4b86c2d4e4c27220f8fcf58dff846297 Total,,102.11
0x62fe2662a0c5fd2f764dd96aa52686ee3f601d4b,2026-01-25,101.95
0x62fe2662a0c5fd2f764dd96aa52686ee3f601d4b Total,,101.95
0xb0e4a131395e078467828dc6265effd057f33143,2025-07-30,33.94
,2025-07-22,67.66
0xb0e4a131395e078467828dc6265effd057f33143 Total,,101.61
0xc73ca270e6613ce58441a75f3853f0cf1b269b58,2025-08-23,100.39
0xc73ca270e6613ce58441a75f3853f0cf1b269b58 Total,,100.39
0x9c92e648306ba4fec36e80bc852d5ac4873bec52,2025-10-27,97.97
0x9c92e648306ba4fec36e80bc852d5ac4873bec52 Total,,97.97
0x1dd4897733757d704e3641472c4c01edf1ed650f,2025-10-20,32.65
,2025-10-07,61.63
0x1dd4897733757d704e3641472c4c01edf1ed650f Total,,94.28
0x1b6ddd1011dd8f9b85fedad533cd1da3826943f3,2026-02-07,2.72
,2026-02-06,5.44
,2026-02-05,10.87
,2026-02-01,21.67
,2025-12-04,29.19
,2025-10-31,19.57
0x1b6ddd1011dd8f9b85fedad533cd1da3826943f3 Total,,89.47
0xab7eed4971b3637c3df434b34a5a19fcd947e971,2026-02-09,0.05
,2026-02-07,0.41
,2026-01-27,58.19
,2026-01-25,24.92
0xab7eed4971b3637c3df434b34a5a19fcd947e971 Total,,83.57
0x78df61544a26331a75302b26045668ac09f81c54,2025-11-03,0.52
,2025-09-21,1.04
,2025-09-16,2.47
,2025-09-11,4.94
,2025-09-10,9.87
,2025-08-29,18.68
,2025-08-02,37.08
0x78df61544a26331a75302b26045668ac09f81c54 Total,,74.61
0x332e360e7d68e124044c889a68c872347100807b,2026-01-23,1.61
,2025-12-19,3.17
,2025-10-14,4.41
,2025-10-01,7.56
,2025-09-10,17.98
,2025-07-20,33.96
0x332e360e7d68e124044c889a68c872347100807b Total,,68.68
0x042e4f113e24e2734100733cfeeae5d7c0ddd15b,2026-01-31,5.63
,2026-01-29,62.37
0x042e4f113e24e2734100733cfeeae5d7c0ddd15b Total,,68.00
0xacaeacb746a737cb82c4bb56f7e438db122b0458,2026-01-25,1.82
,2025-12-31,3.60
,2025-11-28,4.94
,2025-11-19,8.38
,2025-11-08,11.62
,2025-09-25,2.20
,2025-09-21,33.64
0xacaeacb746a737cb82c4bb56f7e438db122b0458 Total,,66.22
0x3f38a383447d390aff13722822da57d3b7ea3e14,2026-01-24,2.75
,2025-10-26,4.17
,2025-09-28,7.16
,2025-09-15,17.05
,2025-07-20,33.52
0x3f38a383447d390aff13722822da57d3b7ea3e14 Total,,64.64
0xd1077b002d1d8d8bffe41eb9d86680d5c32c0fa7,2026-02-06,0.62
,2026-01-28,0.05
,2026-01-27,0.64
,2026-01-26,0.59
,2026-01-15,54.99
,2026-01-14,0.08
,2026-01-13,5.51
,2026-01-12,0.68
0xd1077b002d1d8d8bffe41eb9d86680d5c32c0fa7 Total,,63.17
0x63a5d26f47a7be8e2fcb55f0012650388be361e6,2026-01-19,60.11
0x63a5d26f47a7be8e2fcb55f0012650388be361e6 Total,,60.11
0xedef834ab54645ec84c4834e98b92ca82c197c39,2026-02-07,6.60
,2026-01-18,51.15
0xedef834ab54645ec84c4834e98b92ca82c197c39 Total,,57.75
0x16ddccb5d1709271fa400c6b21151bf7f55afae9,2025-07-10,24.75
,2025-07-09,33.00
0x16ddccb5d1709271fa400c6b21151bf7f55afae9 Total,,57.75
0x7f1c592dba1efd7d5c54b007b5eec9700877b342,2025-10-15,56.09
0x7f1c592dba1efd7d5c54b007b5eec9700877b342 Total,,56.09
0xe092201b1b8457d63bc6f837ac42a2e816d6d6b7,2025-11-26,54.99
,2025-11-21,0.02
,2025-11-20,0.85
0xe092201b1b8457d63bc6f837ac42a2e816d6d6b7 Total,,55.86
0x586f6a0b12d23b22baac06a5ab9a29ee3300d3d4,2026-02-07,33.00
,2026-01-28,21.99
0x586f6a0b12d23b22baac06a5ab9a29ee3300d3d4 Total,,54.99
0x64010f363b85d9c8ec183ff646809c03d805a8ad,2025-11-01,50.21
0x64010f363b85d9c8ec183ff646809c03d805a8ad Total,,50.21
0x24521902825ce358d53e1b778ee115c7082ff5ae,2026-02-10,2.31
,2026-02-03,29.41
,2026-01-30,5.50
,2026-01-29,2.20
,2026-01-28,3.74
,2026-01-27,0.88
,2026-01-26,5.08
0x24521902825ce358d53e1b778ee115c7082ff5ae Total,,49.12
0xaadb9b9c984439cd6ca0107afb88fda85756a04e,2026-02-03,37.93
,2026-01-30,1.27
,2025-12-22,8.23
0xaadb9b9c984439cd6ca0107afb88fda85756a04e Total,,47.43
0xbc58fb9ffbbcce8c776c03ba00c848701d3a5391,2026-01-12,1.64
,2025-12-27,3.09
,2025-12-06,4.24
,2025-07-19,9.43
,2025-06-29,18.74
0xbc58fb9ffbbcce8c776c03ba00c848701d3a5391 Total,,37.13
0x4bafa9c6c73400488b38e9174acc05f1cff6f57a,2025-09-19,1.17
,2025-09-14,2.34
,2025-09-10,4.67
,2025-07-18,9.19
,2025-06-30,18.26
0x4bafa9c6c73400488b38e9174acc05f1cff6f57a Total,,35.62
0x4027b181664768c2b8a9cadafcba589c3103c163,2026-01-12,1.64
,2025-11-29,3.24
,2025-11-06,4.52
,2025-10-04,7.74
,2025-09-16,18.46
0x4027b181664768c2b8a9cadafcba589c3103c163 Total,,35.61
0x9478588678a642171950edd318cee6ea45a92446,2026-01-18,1.67
,2025-12-04,2.27
,2025-10-22,3.88
,2025-07-18,9.09
,2025-06-30,18.07
0x9478588678a642171950edd318cee6ea45a92446 Total,,34.98
0x9b68690b7546f6a09ae086dd43129c503adf0ddb,2025-11-26,3.32
,2025-11-14,4.62
,2025-10-25,7.88
,2025-09-30,18.86
0x9b68690b7546f6a09ae086dd43129c503adf0ddb Total,,34.69
0xfa09ac154d243618db454226635e6286b393da65,2026-01-18,1.68
,2025-12-10,2.29
,2025-11-17,3.85
,2025-10-12,9.29
,2025-09-30,17.57
0xfa09ac154d243618db454226635e6286b393da65 Total,,34.68
0x2b9184d0e49d9a30deeedb2cd884b404e3933dc3,2026-01-25,0.84
,2025-12-17,2.27
,2025-10-15,3.88
,2025-09-17,9.24
,2025-07-18,18.13
0x2b9184d0e49d9a30deeedb2cd884b404e3933dc3 Total,,34.35
0x5f4a6dbf4a2c24e43df995c2b8109a7183dc2efd,2026-01-20,2.83
,2025-10-12,3.90
,2025-07-19,9.12
,2025-06-30,18.13
0x5f4a6dbf4a2c24e43df995c2b8109a7183dc2efd Total,,33.99
0x430d132c15cc6547a3cdd0827a8deeaa091e07db,2026-01-25,1.61
,2025-12-31,3.19
,2025-11-27,4.37
,2025-10-22,7.46
,2025-10-01,16.97
0x430d132c15cc6547a3cdd0827a8deeaa091e07db Total,,33.60
0x1597d948013fc2821aef1aeb642e5734f1636085,2026-01-18,1.85
,2025-12-17,3.47
,2025-11-02,3.90
,2025-09-25,7.62
,2025-08-23,16.50
0x1597d948013fc2821aef1aeb642e5734f1636085 Total,,33.34
0xe3da958c3ee061d77676332bafe82123fe2cc3f1,2026-01-22,1.83
,2025-12-12,2.49
,2025-11-01,4.23
,2025-10-05,7.25
,2025-09-13,17.28
0xe3da958c3ee061d77676332bafe82123fe2cc3f1 Total,,33.09
0x74dc40654921a7824f25e9bdf74425ded4128f81,2026-01-22,1.39
,2025-12-28,3.57
,2025-11-22,4.91
,2025-10-31,8.36
,2025-10-09,14.32
0x74dc40654921a7824f25e9bdf74425ded4128f81 Total,,32.56
0xad7610ffedb23baeeebd40db3099868299607140,2026-01-22,1.52
,2025-12-15,2.06
,2025-10-07,3.53
,2025-10-05,8.47
,2025-09-23,16.88
0xad7610ffedb23baeeebd40db3099868299607140 Total,,32.46
0x01dbf05fb100fd2f0d963eba2cbedf765c7b347e,2025-09-25,6.76
,2025-09-13,8.97
,2025-08-23,16.50
0x01dbf05fb100fd2f0d963eba2cbedf765c7b347e Total,,32.23
0x12189d6b2d994b0f72c480514e1496b850fc8d36,2026-01-12,2.11
,2025-12-07,2.89
,2025-11-21,4.86
,2025-11-13,8.20
,2025-10-23,14.07
0x12189d6b2d994b0f72c480514e1496b850fc8d36 Total,,32.13
0xd5faa492e9d64f31fb513fd85df3038a33e3ac85,2026-01-24,1.32
,2025-12-06,2.92
,2025-10-24,4.08
,2025-10-05,6.99
,2025-09-23,16.71
0xd5faa492e9d64f31fb513fd85df3038a33e3ac85 Total,,32.02
0x6629d51b603c34119991bb12550f87f589532411,2025-03-27,31.77
0x6629d51b603c34119991bb12550f87f589532411 Total,,31.77
0xe4730068f5874d5b0f33c6ecba31f9edb356eef3,2026-01-22,3.06
,2025-11-29,6.00
,2025-11-20,8.33
,2025-11-04,14.17
0xe4730068f5874d5b0f33c6ecba31f9edb356eef3 Total,,31.56
0xfc34bd5dd30830d6fb46e14ced99e8bc0e9bb1ab,2026-01-21,2.59
,2025-12-23,5.12
,2025-11-24,7.05
,2025-07-18,16.49
0xfc34bd5dd30830d6fb46e14ced99e8bc0e9bb1ab Total,,31.24
0x3f05fdf31ce712fd4a4788c6c9d20ea64de68cea,2026-01-11,5.51
,2025-12-16,9.19
,2025-12-10,15.68
0x3f05fdf31ce712fd4a4788c6c9d20ea64de68cea Total,,30.38
0x5c8b70876406ceae7514dca466176e4658262057,2026-01-25,27.49
0x5c8b70876406ceae7514dca466176e4658262057 Total,,27.49
0x0697d20507fd381ea73221d7c01d66733250b220,2026-02-04,1.27
,2025-11-18,9.84
,2025-11-04,13.76
0x0697d20507fd381ea73221d7c01d66733250b220 Total,,24.87
0x9ef9ebcc437d707cd3e8aa2ed28b6abe06152b63,2026-01-12,18.95
0x9ef9ebcc437d707cd3e8aa2ed28b6abe06152b63 Total,,18.95
0x75a5897405746c0c592f9038357ee7c95bc6ae41,2026-01-30,11.00
,2026-01-22,0.03
,2026-01-21,0.00
,2026-01-18,6.94
0x75a5897405746c0c592f9038357ee7c95bc6ae41 Total,,17.97
0x2d44988f48d651ea649df93ea83fffe2e1f777d2,2025-12-30,16.57
0x2d44988f48d651ea649df93ea83fffe2e1f777d2 Total,,16.57
0x020153ef669a1c768f7482b989c1d8902e577c40,2026-01-26,2.89
,2026-01-25,5.77
,2026-01-23,0.01
,2026-01-22,0.74
,2026-01-20,2.04
0x020153ef669a1c768f7482b989c1d8902e577c40 Total,,11.44
0xfc5867e29a4af3b6be6f6613a69f2e56004f1794,2026-01-25,1.91
,2025-11-24,2.59
,2025-10-15,4.43
0xfc5867e29a4af3b6be6f6613a69f2e56004f1794 Total,,8.93
0xe14d5a4561fe658f09a7172bcc8cc49273e559de,2026-01-29,5.50
0xe14d5a4561fe658f09a7172bcc8cc49273e559de Total,,5.50
0x6a1f5f8a01d18dbd86edcb8c1bc758403399d146,2025-11-01,0.02
0x6a1f5f8a01d18dbd86edcb8c1bc758403399d146 Total,,0.02
Grand Total,,"295,520.32"