Date de la liquidation,Liquidateur,Utilisateur liquidé,Token liquidé,Montant remboursé,Quantité liquidée
2022-06-10,0x27312f9a890a6752fcb1a2dff80116b1ace0fbe7,0x3e43049f60216adfbb284c2f5a7de871634ea98e,RealToken S 13245 Monica St Detroit MI,280.41,6.01
2022-11-21,0xf0633940d64515379bbe743515fc14c13834d393,0xb296f8762a66893daea30b1effa424d54db65895,RealToken S 1521-1523 S.Drake Ave Chicago IL,45.41,1.00
2023-01-09,0x2a5a9aaeb65685e629e603a337b6d65cf271b169,0x39bad79f4ebf7f063ee7160ff8ec107a1d85387d,RealToken S 10411-10421 Cadieux Rd Detroit MI,91.41,2.00
2023-01-14,0x2a5a9aaeb65685e629e603a337b6d65cf271b169,0x5886c72ec3916e36eb1536c226fa961cb67e9033,RealToken S 3747 Scovel Pl Detroit MI,91.25,2.00
2023-01-24,0x2a5a9aaeb65685e629e603a337b6d65cf271b169,0x5886c72ec3916e36eb1536c226fa961cb67e9033,RealToken S 18980 Fenton St Detroit MI,182.74,4.00
2023-02-04,0x192cc33005abed10e1a6be7017eafe67e316a497,0xbf4856caaa895f01306bde2c6d83f03650452f12,RealToken S 1610 E State Fair Ave Detroit MI,45.72,1.00
2023-02-06,0x192cc33005abed10e1a6be7017eafe67e316a497,0x6f61dba437d5dc71963817c37e0bef392179fb2d,RealToken S 1610 E State Fair Ave Detroit MI,137.23,3.00
2023-02-20,0x977d8a5d31d895646f2a40d19978a6186a1ceb10,0x835c3e4296fd0cdfa139ed6702e6cd5869bed999,RealToken S 3747 Scovel Pl Detroit MI,50.23,1.10
2023-02-22,0x5430bf4d175bf007ba7b986b1475fbf0e3a532c0,0x49352b0e106f451d20eb981fb7e186a40245ef1c,RealToken S 13835 La Salle Blvd Detroit MI,40.00,0.88
2023-02-27,0xf0633940d64515379bbe743515fc14c13834d393,0x49352b0e106f451d20eb981fb7e186a40245ef1c,RealToken S 19000 Fenton St Detroit MI,182.05,4.00
2023-03-28,0xd58b7f2722371aa92c929272094c3a65482c0429,0x835c3e4296fd0cdfa139ed6702e6cd5869bed999,RealToken S 13835 La Salle Blvd Detroit MI,25.30,0.55
2023-05-10,0x46d0fb00d66d66e1a2fec6aeb670d53951c361c4,0x835c3e4296fd0cdfa139ed6702e6cd5869bed999,RealToken S 1389 Bird Ave Birmingham MI,1.15,0.03
2023-05-12,0xb2cc0d719b71fb91082e050967b644a5e55b33a0,0x40def0aa74bcb9107718ee767659004803683ebb,RealToken S 19750 Marx St Highland Park MI,0.00,0.00
2023-05-19,0x46d0fb00d66d66e1a2fec6aeb670d53951c361c4,0x8f982a85a218a69dd8ddef2bf5e9b98f0913c0b6,RealToken S 13430 Tacoma St Detroit MI,44.49,0.97
2023-06-19,0xb2cc0d719b71fb91082e050967b644a5e55b33a0,0x4da0ca5cbcf06d41c1935f3a7cfd3a5608017d96,RealToken S 19041 Lenore Ave Detroit MI,182.78,4.00
2023-06-24,0xb2cc0d719b71fb91082e050967b644a5e55b33a0,0x835c3e4296fd0cdfa139ed6702e6cd5869bed999,RealToken S 3747 Scovel Pl Detroit MI,12.34,0.27
2023-07-09,0xb2cc0d719b71fb91082e050967b644a5e55b33a0,0x263c03f9fe227d3529a99ddbe6ae0b098c894ba6,RealToken S 10411-10421 Cadieux Rd Detroit MI,75.91,1.66
2023-07-31,0x46d0fb00d66d66e1a2fec6aeb670d53951c361c4,0xaa59df1422c9010d5d9772567e56004270d711a1,RealToken S 1610 E State Fair Ave Detroit MI,254.10,5.56
2023-08-06,0xb2cc0d719b71fb91082e050967b644a5e55b33a0,0x6f61dba437d5dc71963817c37e0bef392179fb2d,RealToken S 14918 Joy Rd Detroit MI,226.22,5.06
2023-08-12,0xb2cc0d719b71fb91082e050967b644a5e55b33a0,0x5c600a0b2db9a362aa3b1a0ea92db61550744d39,RealToken S 618 E 79th St Chicago IL,50.23,1.09
2023-09-08,0xb2cc0d719b71fb91082e050967b644a5e55b33a0,0x71d5919e7cf762a6b0913ed08f4315965e9c01a1,RealToken S 19751 Marx St Highland Park MI,132.98,2.88
2023-09-15,0xb2cc0d719b71fb91082e050967b644a5e55b33a0,0xd21d3fd5cd1e7bb22947338f7f4099b89e33bf09,RealToken S 14918 Joy Rd Detroit MI,"4,923.57",109.55
2023-10-01,0xa22dc341c8dd53ab1dff6e66228e779832a449bf,0x39dbefbae84c6fa5b4aa223e706315a2dbe36920,RealToken S 10617 Hathaway Ave Cleveland OH,4.01,0.08
2023-11-04,0xa22dc341c8dd53ab1dff6e66228e779832a449bf,0x263c03f9fe227d3529a99ddbe6ae0b098c894ba6,RealToken S 10411-10421 Cadieux Rd Detroit MI,39.00,0.85
2023-11-21,0xa22dc341c8dd53ab1dff6e66228e779832a449bf,0x1ceb00630377aa16074bcb4de0760631fac53480,RealToken S 618 E 79th St Chicago IL,38.40,0.83
2023-12-05,0xb2cc0d719b71fb91082e050967b644a5e55b33a0,0x433dd11e3f2c6c6619c729fd78c1ed7042ec5f1e,RealToken S 18980 Fenton St Detroit MI,38.07,0.83
2023-12-15,0xa22dc341c8dd53ab1dff6e66228e779832a449bf,0x5846fc589dcf5de5683f8d031d57b61fbc63c562,RealToken S 3280 W Boston Blvd Detroit MI,26.00,0.56
2024-01-19,0xb2cc0d719b71fb91082e050967b644a5e55b33a0,0xd21d3fd5cd1e7bb22947338f7f4099b89e33bf09,RealToken S 14918 Joy Rd Detroit MI,"2,415.29",53.74
2024-02-08,0xb2cc0d719b71fb91082e050967b644a5e55b33a0,0x9e48c1cdd88b1ef6fb295efbdd1654c3bae68759,Wrapped XDAI,12.27,12.89
2024-03-23,0xb2cc0d719b71fb91082e050967b644a5e55b33a0,0xd21d3fd5cd1e7bb22947338f7f4099b89e33bf09,RealToken S 17809 Charest St Detroit MI,"1,363.86",26.80
2024-04-01,0xb2cc0d719b71fb91082e050967b644a5e55b33a0,0x5ecac835ae39dee09689dc86b11c8c79693f58fc,Wrapped XDAI,24.87,26.12
2024-04-02,0xb2cc0d719b71fb91082e050967b644a5e55b33a0,0x08192acad66610e1656f6728378cb743d1027c4b,Wrapped XDAI,387.96,407.36
2024-04-07,0xb2cc0d719b71fb91082e050967b644a5e55b33a0,0x1b57fe61c28cec7cfc9a55acff876bd619b9f61d,RealToken S 1610 E State Fair Ave Detroit MI,28.72,0.63
2024-04-21,0xb2cc0d719b71fb91082e050967b644a5e55b33a0,0x6adce7c7378a70ba4876e462079fc75460af0012,Wrapped XDAI,3.96,4.16
2024-04-28,0xb2cc0d719b71fb91082e050967b644a5e55b33a0,0x1da85a0625e2576b434eca1fde155558e5078d2a,RealToken S 1630 E State Fair Ave Detroit MI,"2,275.88",50.00
2024-05-20,0xa22dc341c8dd53ab1dff6e66228e779832a449bf,0xd21d3fd5cd1e7bb22947338f7f4099b89e33bf09,RealToken S 19750 Marx St Highland Park MI,457.30,10.00
2024-05-20,0xa22dc341c8dd53ab1dff6e66228e779832a449bf,0x16d56e22268eae7d4ec11506a152b5a7fc7ad69b,RealToken S 1630 E State Fair Ave Detroit MI,340.65,7.49
2024-05-26,0xa22dc341c8dd53ab1dff6e66228e779832a449bf,0x1da85a0625e2576b434eca1fde155558e5078d2a,RealToken S 3747 Scovel Pl Detroit MI,"1,003.77",22.00
2024-05-26,0xa22dc341c8dd53ab1dff6e66228e779832a449bf,0x1b57fe61c28cec7cfc9a55acff876bd619b9f61d,RealToken S 19751 Marx St Highland Park MI,0.01,0.00
2024-05-26,0xa22dc341c8dd53ab1dff6e66228e779832a449bf,0x4c968a3a530f76f655e7e7010075aa63cec87de2,RealToken S 3280 W Boston Blvd Detroit MI,0.00,0.00
2024-05-26,0xb2cc0d719b71fb91082e050967b644a5e55b33a0,0x4245fbf228968ce8813331ccc63c2b96f5805ff6,RealToken S 618 E 79th St Chicago IL,5.59,0.12
2024-05-26,0xa22dc341c8dd53ab1dff6e66228e779832a449bf,0x08192acad66610e1656f6728378cb743d1027c4b,RealToken S 15930 Monica St Detroit MI,0.00,0.00
2024-05-26,0xa22dc341c8dd53ab1dff6e66228e779832a449bf,0xd1b6c36b9f281fcfac5f6939fad7a13b26788af3,RealToken S 18980 Fenton St Detroit MI,0.02,0.00
2024-06-13,0xb2cc0d719b71fb91082e050967b644a5e55b33a0,0x1da85a0625e2576b434eca1fde155558e5078d2a,RealToken S 19751 Marx St Highland Park MI,903.48,19.60
2024-06-29,0xa22dc341c8dd53ab1dff6e66228e779832a449bf,0x3b99fe279c67920c1236beeaaea82ca699911b66,RealToken S 19000 Fenton St Detroit MI,324.90,7.14
2024-07-22,0xb2cc0d719b71fb91082e050967b644a5e55b33a0,0x9e48c1cdd88b1ef6fb295efbdd1654c3bae68759,Wrapped XDAI,6.67,7.00
2024-07-26,0xb2cc0d719b71fb91082e050967b644a5e55b33a0,0x48f7d45fa696dc89ff4f2233b25490455ae19dc2,Wrapped XDAI,9.13,9.59
2024-07-26,0xa22dc341c8dd53ab1dff6e66228e779832a449bf,0x1da85a0625e2576b434eca1fde155558e5078d2a,RealToken S 13245 Monica St Detroit MI,606.93,13.00
2024-08-05,0xb2cc0d719b71fb91082e050967b644a5e55b33a0,0xd21d3fd5cd1e7bb22947338f7f4099b89e33bf09,RealToken S 17809 Charest St Detroit MI,0.81,0.02
2024-08-11,0xa22dc341c8dd53ab1dff6e66228e779832a449bf,0xd21d3fd5cd1e7bb22947338f7f4099b89e33bf09,RealToken S 17809 Charest St Detroit MI,496.55,9.75
2024-08-21,0xb2cc0d719b71fb91082e050967b644a5e55b33a0,0xf1d049c3fc9e5a385c61977a262b602948a21282,RealToken S 10617 Hathaway Ave Cleveland OH,"1,755.47",35.74
2024-08-29,0xb2cc0d719b71fb91082e050967b644a5e55b33a0,0x1da85a0625e2576b434eca1fde155558e5078d2a,RealToken S 19750 Marx St Highland Park MI,548.61,12.00
2024-09-22,0xb2cc0d719b71fb91082e050967b644a5e55b33a0,0xf1d049c3fc9e5a385c61977a262b602948a21282,RealToken S 10617 Hathaway Ave Cleveland OH,701.73,14.29
2024-10-05,0xa22dc341c8dd53ab1dff6e66228e779832a449bf,0x1da85a0625e2576b434eca1fde155558e5078d2a,RealToken S 1907 Ottawa Dr Toledo OH,471.67,10.00
2024-10-12,0xb2cc0d719b71fb91082e050967b644a5e55b33a0,0x1e7abd6f6e9d817469f0eb5805226257a816e0d4,RealToken S 14825 Wilfried St Detroit MI,143.81,3.00
2024-10-17,0xb2cc0d719b71fb91082e050967b644a5e55b33a0,0x3b99fe279c67920c1236beeaaea82ca699911b66,RealToken S 3510 Ewald Cir Detroit MI,227.76,5.00
2024-10-29,0xad77649686e3888c028e744f2f73aa2337587b03,0xbfa191b10798dae24ce4a88d4dbe557e753367d4,RealToken S 18980 Fenton St Detroit MI,45.69,1.00
2024-10-30,0xa22dc341c8dd53ab1dff6e66228e779832a449bf,0x16d56e22268eae7d4ec11506a152b5a7fc7ad69b,RealToken S 19751 Marx St Highland Park MI,134.95,2.93
2024-11-04,0xb2cc0d719b71fb91082e050967b644a5e55b33a0,0x263c03f9fe227d3529a99ddbe6ae0b098c894ba6,RealToken S 16851-16881 Greenfield Rd Detroit MI,23.45,0.51
2024-11-04,0xb2cc0d719b71fb91082e050967b644a5e55b33a0,0x4245fbf228968ce8813331ccc63c2b96f5805ff6,RealToken S 618 E 79th St Chicago IL,3.13,0.07
2024-11-08,0xb2cc0d719b71fb91082e050967b644a5e55b33a0,0x1da85a0625e2576b434eca1fde155558e5078d2a,RealToken S 14825 Wilfried St Detroit MI,479.58,10.00
2024-11-11,0x5fc96c182bb7e0413c08e8e03e9d7efc6cf0b099,0x1b57fe61c28cec7cfc9a55acff876bd619b9f61d,RealToken S 19751 Marx St Highland Park MI,0.00,0.00
2024-11-11,0x5fc96c182bb7e0413c08e8e03e9d7efc6cf0b099,0x4c968a3a530f76f655e7e7010075aa63cec87de2,RealToken S 3280 W Boston Blvd Detroit MI,0.00,0.00
2024-11-11,0x5fc96c182bb7e0413c08e8e03e9d7efc6cf0b099,0xd1b6c36b9f281fcfac5f6939fad7a13b26788af3,RealToken S 18980 Fenton St Detroit MI,0.01,0.00
2024-11-11,0x5fc96c182bb7e0413c08e8e03e9d7efc6cf0b099,0x08192acad66610e1656f6728378cb743d1027c4b,RealToken S 15930 Monica St Detroit MI,0.00,0.00
2024-11-14,0xb2cc0d719b71fb91082e050967b644a5e55b33a0,0x49352b0e106f451d20eb981fb7e186a40245ef1c,RealToken S 1630 E State Fair Ave Detroit MI,91.00,2.00
2024-11-21,0x7da9a33d15413f499299687cc9d81de84684e28e,0xfb59cb0397302654d2d482c6865a47e997d7ce99,Wrapped XDAI,0.00,0.00
2024-11-23,0xa22dc341c8dd53ab1dff6e66228e779832a449bf,0xddafcddcc361dd1185ecbf321a2454ee1c9b161c,RealToken S 18980 Fenton St Detroit MI,91.37,2.00
2024-11-26,0xb2cc0d719b71fb91082e050967b644a5e55b33a0,0x6adce7c7378a70ba4876e462079fc75460af0012,Wrapped XDAI,2.30,2.42
2024-11-30,0xb2cc0d719b71fb91082e050967b644a5e55b33a0,0x47b6e382b42cb3047b55222586b581f8e4a2249e,Wrapped XDAI,131.83,138.42
2024-12-05,0xb2cc0d719b71fb91082e050967b644a5e55b33a0,0xae7cc278486f879240dc79a128093f351460ffb3,Wrapped XDAI,7.36,7.73
2024-12-07,0xb2cc0d719b71fb91082e050967b644a5e55b33a0,0x1da85a0625e2576b434eca1fde155558e5078d2a,RealToken S 16851-16881 Greenfield Rd Detroit MI,462.26,10.00
2024-12-12,0xb2cc0d719b71fb91082e050967b644a5e55b33a0,0x49352b0e106f451d20eb981fb7e186a40245ef1c,RealToken S 16851-16881 Greenfield Rd Detroit MI,116.36,2.52
2024-12-13,0xb2cc0d719b71fb91082e050967b644a5e55b33a0,0xf1d049c3fc9e5a385c61977a262b602948a21282,RealToken S 8181 Bliss St Detroit MI,588.58,12.00
2024-12-17,0x5b6082cb0beca6111e6dfc92b039df00019aac6f,0x26063d0a5bdba1d8d6c2380009450760519452c8,Wrapped XDAI,0.00,0.00
2024-12-22,0xb2cc0d719b71fb91082e050967b644a5e55b33a0,0xd21d3fd5cd1e7bb22947338f7f4099b89e33bf09,RealToken S 17809 Charest St Detroit MI,278.05,5.46
2024-12-24,0xb2cc0d719b71fb91082e050967b644a5e55b33a0,0xbfa191b10798dae24ce4a88d4dbe557e753367d4,RealToken S 19041 Lenore Ave Detroit MI,45.70,1.00
2024-12-27,0xa22dc341c8dd53ab1dff6e66228e779832a449bf,0x1e7abd6f6e9d817469f0eb5805226257a816e0d4,RealToken S 14918 Joy Rd Detroit MI,89.88,2.00
2024-12-28,0xb2cc0d719b71fb91082e050967b644a5e55b33a0,0x16d56e22268eae7d4ec11506a152b5a7fc7ad69b,RealToken S 1630 E State Fair Ave Detroit MI,68.88,1.51
2024-12-31,0xa22dc341c8dd53ab1dff6e66228e779832a449bf,0x8f982a85a218a69dd8ddef2bf5e9b98f0913c0b6,RealToken S 13628 Tacoma St Detroit MI,41.00,0.89
2025-01-04,0xa22dc341c8dd53ab1dff6e66228e779832a449bf,0x4da0ca5cbcf06d41c1935f3a7cfd3a5608017d96,RealToken S 13245 Monica St Detroit MI,95.66,2.05
2025-01-10,0xa22dc341c8dd53ab1dff6e66228e779832a449bf,0x3b99fe279c67920c1236beeaaea82ca699911b66,RealToken S 3280 W Boston Blvd Detroit MI,92.05,2.00
2025-01-11,0xb2cc0d719b71fb91082e050967b644a5e55b33a0,0x9e48c1cdd88b1ef6fb295efbdd1654c3bae68759,Wrapped XDAI,3.87,4.06
2025-01-14,0xb2cc0d719b71fb91082e050967b644a5e55b33a0,0x48f7d45fa696dc89ff4f2233b25490455ae19dc2,Wrapped XDAI,5.30,5.57
2025-01-14,0xa22dc341c8dd53ab1dff6e66228e779832a449bf,0x1da85a0625e2576b434eca1fde155558e5078d2a,RealToken S 14918 Joy Rd Detroit MI,224.71,5.00
2025-02-05,0xb2cc0d719b71fb91082e050967b644a5e55b33a0,0x49352b0e106f451d20eb981fb7e186a40245ef1c,RealToken S 19041 Lenore Ave Detroit MI,91.38,2.00
2025-02-06,0xb2cc0d719b71fb91082e050967b644a5e55b33a0,0x1da85a0625e2576b434eca1fde155558e5078d2a,RealToken S 10411-10421 Cadieux Rd Detroit MI,228.46,5.00
2025-02-06,0xb2cc0d719b71fb91082e050967b644a5e55b33a0,0x16d56e22268eae7d4ec11506a152b5a7fc7ad69b,RealToken S 1389 Bird Ave Birmingham MI,96.64,2.02
2025-02-14,0xb2cc0d719b71fb91082e050967b644a5e55b33a0,0x5846fc589dcf5de5683f8d031d57b61fbc63c562,RealToken S 3280 W Boston Blvd Detroit MI,17.45,0.38
2025-02-17,0xb2cc0d719b71fb91082e050967b644a5e55b33a0,0x4da0ca5cbcf06d41c1935f3a7cfd3a5608017d96,RealToken S 8003 S Ingleside Ave Chicago IL,130.52,2.84
2025-02-18,0xb2cc0d719b71fb91082e050967b644a5e55b33a0,0x263c03f9fe227d3529a99ddbe6ae0b098c894ba6,RealToken S 10411-10421 Cadieux Rd Detroit MI,13.13,0.29
2025-02-18,0xb2cc0d719b71fb91082e050967b644a5e55b33a0,0x4245fbf228968ce8813331ccc63c2b96f5805ff6,RealToken S 618 E 79th St Chicago IL,1.75,0.04
2025-02-24,0xb2cc0d719b71fb91082e050967b644a5e55b33a0,0x3b99fe279c67920c1236beeaaea82ca699911b66,RealToken S 618 E 79th St Chicago IL,123.53,2.67
2025-03-01,0xb2cc0d719b71fb91082e050967b644a5e55b33a0,0x835c3e4296fd0cdfa139ed6702e6cd5869bed999,RealToken S 3747 Scovel Pl Detroit MI,5.73,0.13
2025-03-03,0xb2cc0d719b71fb91082e050967b644a5e55b33a0,0xddafcddcc361dd1185ecbf321a2454ee1c9b161c,RealToken S 19041 Lenore Ave Detroit MI,53.93,1.18
2025-03-05,0xa22dc341c8dd53ab1dff6e66228e779832a449bf,0x1e7abd6f6e9d817469f0eb5805226257a816e0d4,RealToken S 17500 Evergreen Rd Detroit MI,78.72,1.52
2025-03-05,0xb2cc0d719b71fb91082e050967b644a5e55b33a0,0x1da85a0625e2576b434eca1fde155558e5078d2a,RealToken S 1389 Bird Ave Birmingham MI,389.98,8.13
2025-03-12,0xb2cc0d719b71fb91082e050967b644a5e55b33a0,0x5c600a0b2db9a362aa3b1a0ea92db61550744d39,RealToken S 3510 Ewald Cir Detroit MI,35.31,0.78
2025-03-17,0xb2cc0d719b71fb91082e050967b644a5e55b33a0,0x71d5919e7cf762a6b0913ed08f4315965e9c01a1,RealToken S 18980 Fenton St Detroit MI,70.33,1.54
2025-03-20,0xb2cc0d719b71fb91082e050967b644a5e55b33a0,0x1ceb00630377aa16074bcb4de0760631fac53480,RealToken S 618 E 79th St Chicago IL,26.85,0.58
2025-03-25,0xb2cc0d719b71fb91082e050967b644a5e55b33a0,0xf1d049c3fc9e5a385c61977a262b602948a21282,RealToken S 12866 Lauder St Detroit MI,329.59,6.68
2025-03-29,0xb2cc0d719b71fb91082e050967b644a5e55b33a0,0xbfa191b10798dae24ce4a88d4dbe557e753367d4,RealToken S 13835 La Salle Blvd Detroit MI,27.31,0.60
2025-04-01,0xb2cc0d719b71fb91082e050967b644a5e55b33a0,0x433dd11e3f2c6c6619c729fd78c1ed7042ec5f1e,RealToken S 19751 Marx St Highland Park MI,26.76,0.58
2025-04-02,0xb2cc0d719b71fb91082e050967b644a5e55b33a0,0xd21d3fd5cd1e7bb22947338f7f4099b89e33bf09,RealToken S 17809 Charest St Detroit MI,155.75,3.06
2025-04-04,0xb2cc0d719b71fb91082e050967b644a5e55b33a0,0x49352b0e106f451d20eb981fb7e186a40245ef1c,RealToken S 19750 Marx St Highland Park MI,82.42,1.80
2025-04-06,0xb2cc0d719b71fb91082e050967b644a5e55b33a0,0x6adce7c7378a70ba4876e462079fc75460af0012,Wrapped XDAI,1.34,1.40
2025-04-08,0xa22dc341c8dd53ab1dff6e66228e779832a449bf,0x8f982a85a218a69dd8ddef2bf5e9b98f0913c0b6,RealToken S 13445 Tacoma St Detroit MI,23.20,0.49
2025-04-10,0xb2cc0d719b71fb91082e050967b644a5e55b33a0,0x47b6e382b42cb3047b55222586b581f8e4a2249e,Wrapped XDAI,76.56,80.38
2025-04-10,0xb2cc0d719b71fb91082e050967b644a5e55b33a0,0x7bfd09fe8af84233ef046caf106869d0e6dc5e4f,RealToken S 13245 Monica St Detroit MI,41.08,0.88
2025-04-12,0xa22dc341c8dd53ab1dff6e66228e779832a449bf,0xc190f98fc7d04971a632b759e066503a455b1e20,RealToken S 1521-1523 S.Drake Ave Chicago IL,16.25,0.36
2025-04-13,0xb2cc0d719b71fb91082e050967b644a5e55b33a0,0x835c3e4296fd0cdfa139ed6702e6cd5869bed999,RealToken S 13835 La Salle Blvd Detroit MI,6.14,0.13
2025-04-14,0xb2cc0d719b71fb91082e050967b644a5e55b33a0,0xae7cc278486f879240dc79a128093f351460ffb3,Wrapped XDAI,4.28,4.49
2025-04-14,0xb2cc0d719b71fb91082e050967b644a5e55b33a0,0x530995a2492f3e3060b45ec684158375ef78f809,RealToken S 19751 Marx St Highland Park MI,40.56,0.88
2025-04-15,0xa22dc341c8dd53ab1dff6e66228e779832a449bf,0x2423421fb198786482027de52a8d2b73aaf626db,RealToken S 18980 Fenton St Detroit MI,91.35,2.00
2025-04-17,0xb2cc0d719b71fb91082e050967b644a5e55b33a0,0x09b8fdd81ffa55fb60f5ad1179ca61a9f152b5e9,RealToken S 19041 Lenore Ave Detroit MI,38.35,0.84
2025-04-17,0xb2cc0d719b71fb91082e050967b644a5e55b33a0,0x7c716408b5055b4d283c62dce8ea351045dcb223,RealToken S 19750 Marx St Highland Park MI,100.61,2.20
2025-04-19,0xa22dc341c8dd53ab1dff6e66228e779832a449bf,0x26f315337d1779118e38aab5d024ab7e2f9f0204,RealToken S 19751 Marx St Highland Park MI,81.00,1.76
2025-04-20,0xb2cc0d719b71fb91082e050967b644a5e55b33a0,0x1a6bb174e428ec819fe800a493cb6b0ba6819ea1,RealToken S 1630 E State Fair Ave Detroit MI,40.30,0.89
2025-04-26,0xa22dc341c8dd53ab1dff6e66228e779832a449bf,0x3c6d5ac1cf91a7e7f99e9357e172b08583acc446,RealToken S 3747 Scovel Pl Detroit MI,45.62,1.00
2025-04-29,0xb2cc0d719b71fb91082e050967b644a5e55b33a0,0xeb3e5ece649183bba1cf5c2a7100fc219d4a9799,RealToken S 14918 Joy Rd Detroit MI,4.71,0.10
2025-05-01,0xb2cc0d719b71fb91082e050967b644a5e55b33a0,0x16d56e22268eae7d4ec11506a152b5a7fc7ad69b,Wrapped XDAI,58.71,61.65
2025-05-02,0xb2cc0d719b71fb91082e050967b644a5e55b33a0,0x1da85a0625e2576b434eca1fde155558e5078d2a,RealToken S 8060 Dreamsicle Dr Kissimmee FL,312.42,6.77
2025-05-05,0xa22dc341c8dd53ab1dff6e66228e779832a449bf,0xeb3e5ece649183bba1cf5c2a7100fc219d4a9799,RealToken S 14918 Joy Rd Detroit MI,37.48,0.83
2025-05-06,0xa22dc341c8dd53ab1dff6e66228e779832a449bf,0x71d5919e7cf762a6b0913ed08f4315965e9c01a1,RealToken S 19041 Lenore Ave Detroit MI,45.69,1.00
2025-05-06,0xa22dc341c8dd53ab1dff6e66228e779832a449bf,0x9c744ccdc1c2f570b27b53dbd5feb3d89ace6014,RealToken S 2703-2705 W Grand St Detroit MI,104.32,2.20
2025-05-07,0xa22dc341c8dd53ab1dff6e66228e779832a449bf,0x78b0810b89577cd2090cfd3d42e61f98601da18f,RealToken S 14918 Joy Rd Detroit MI,58.65,1.30
2025-05-13,0xb2cc0d719b71fb91082e050967b644a5e55b33a0,0x5846fc589dcf5de5683f8d031d57b61fbc63c562,Wrapped XDAI,9.78,10.27
2025-05-14,0xb2cc0d719b71fb91082e050967b644a5e55b33a0,0x9e48c1cdd88b1ef6fb295efbdd1654c3bae68759,Wrapped XDAI,2.25,2.36
2025-05-15,0xb2cc0d719b71fb91082e050967b644a5e55b33a0,0xef029103634395e9959c755282efaf49c65e577f,RealToken S 8003 S Ingleside Ave Chicago IL,40.51,0.88
2025-05-15,0xb2cc0d719b71fb91082e050967b644a5e55b33a0,0x4da0ca5cbcf06d41c1935f3a7cfd3a5608017d96,RealToken S 8003 S Ingleside Ave Chicago IL,73.10,1.59
2025-05-15,0xb2cc0d719b71fb91082e050967b644a5e55b33a0,0x263c03f9fe227d3529a99ddbe6ae0b098c894ba6,RealToken S 16851-16881 Greenfield Rd Detroit MI,7.35,0.16
2025-05-15,0xb2cc0d719b71fb91082e050967b644a5e55b33a0,0x4245fbf228968ce8813331ccc63c2b96f5805ff6,RealToken S 618 E 79th St Chicago IL,0.98,0.02
2025-05-16,0xb2cc0d719b71fb91082e050967b644a5e55b33a0,0x48f7d45fa696dc89ff4f2233b25490455ae19dc2,Wrapped XDAI,3.08,3.23
2025-05-17,0xb2cc0d719b71fb91082e050967b644a5e55b33a0,0x2423421fb198786482027de52a8d2b73aaf626db,RealToken S 3588 Oakman Blvd Detroit MI,91.25,2.00
2025-05-19,0xb2cc0d719b71fb91082e050967b644a5e55b33a0,0xb4a4b7c8d9fe72db1ab749620e50bdc21bf3c78f,RealToken S 18980 Fenton St Detroit MI,80.51,1.76
2025-05-20,0xb2cc0d719b71fb91082e050967b644a5e55b33a0,0x3b99fe279c67920c1236beeaaea82ca699911b66,RealToken S 618 E 79th St Chicago IL,69.20,1.50
2025-05-20,0xb2cc0d719b71fb91082e050967b644a5e55b33a0,0x1da85a0625e2576b434eca1fde155558e5078d2a,RealToken S 15350 Greydale St Detroit MI,63.67,1.29
2025-05-24,0xb2cc0d719b71fb91082e050967b644a5e55b33a0,0x39cf1088be8cac564e8569b69d254fda5c4b94b9,RealToken S 9415-9417 Ravenswood St Detroit MI,84.60,1.74
2025-05-26,0xb2cc0d719b71fb91082e050967b644a5e55b33a0,0xddafcddcc361dd1185ecbf321a2454ee1c9b161c,RealToken S 19041 Lenore Ave Detroit MI,30.19,0.66
2025-05-28,0xb2cc0d719b71fb91082e050967b644a5e55b33a0,0x1e7abd6f6e9d817469f0eb5805226257a816e0d4,RealToken S 20160 Conant St Detroit MI,44.07,0.93
2025-05-31,0xa22dc341c8dd53ab1dff6e66228e779832a449bf,0x50385195e739d6ece2ff0e1099d902a38984cddc,RealToken S 19000 Fenton St Detroit MI,401.82,8.83
2025-06-03,0xb2cc0d719b71fb91082e050967b644a5e55b33a0,0x5c600a0b2db9a362aa3b1a0ea92db61550744d39,RealToken S 618 E 79th St Chicago IL,19.77,0.43
2025-06-03,0xb2cc0d719b71fb91082e050967b644a5e55b33a0,0xa7f5ef52d840665ebfd5099c8e0bc0f482a50d31,RealToken S 1389 Bird Ave Birmingham MI,0.37,0.01
2025-06-04,0xb2cc0d719b71fb91082e050967b644a5e55b33a0,0x8a2b27f0ca6ddab1f80065ebd2ac29588d8ad211,RealToken S 1 Holdings Belvidere St Detroit MI,113.04,2.28
2025-06-05,0xb2cc0d719b71fb91082e050967b644a5e55b33a0,0x5ab5fec14803a941e78afe7cd2554a05da250383,Wrapped XDAI,166.53,174.85
2025-06-06,0xb2cc0d719b71fb91082e050967b644a5e55b33a0,0xa0081821a848ed719342bdd5a0ec187539a7f12a,RealToken S 19333 Moenart St Detroit MI,4.65,0.09
2025-06-08,0xa22dc341c8dd53ab1dff6e66228e779832a449bf,0x1de6800d6c2d2430edee2b52c49dcf89dfb84374,RealToken S 10617 Hathaway Ave Cleveland OH,49.11,1.00
2025-06-11,0xb2cc0d719b71fb91082e050967b644a5e55b33a0,0x1ceb00630377aa16074bcb4de0760631fac53480,RealToken S 618 E 79th St Chicago IL,15.04,0.33
2025-06-12,0xb2cc0d719b71fb91082e050967b644a5e55b33a0,0x1da85a0625e2576b434eca1fde155558e5078d2a,RealToken S 8060 Dreamsicle Dr Kissimmee FL,132.23,2.86
2025-06-16,0xb2cc0d719b71fb91082e050967b644a5e55b33a0,0x9c3b04f3f7e5e3884b7cb8e8d2bcd0d1bef5953f,RealToken S 18980 Fenton St Detroit MI,228.44,5.00
2025-06-17,0xa22dc341c8dd53ab1dff6e66228e779832a449bf,0x3c6d5ac1cf91a7e7f99e9357e172b08583acc446,RealToken S 1521-1523 S.Drake Ave Chicago IL,41.07,0.90
2025-06-17,0xa22dc341c8dd53ab1dff6e66228e779832a449bf,0xc799ffc24c2bbeb2c64336e6d0dfc2381d695e75,RealToken S 14918 Joy Rd Detroit MI,56.76,1.26
2025-06-17,0xb2cc0d719b71fb91082e050967b644a5e55b33a0,0xf1d049c3fc9e5a385c61977a262b602948a21282,RealToken S 12866 Lauder St Detroit MI,184.57,3.74
2025-06-20,0xb2cc0d719b71fb91082e050967b644a5e55b33a0,0xcb68ec71201d8e35d177a267cf4e52a9ee972ecb,RealToken S 19751 Marx St Highland Park MI,22.20,0.48
2025-06-21,0xa22dc341c8dd53ab1dff6e66228e779832a449bf,0x125d720d0b3e7d05cc65959b89a545e9c9e6f927,RealToken S 3747 Scovel Pl Detroit MI,43.46,0.95
2025-06-21,0xb2cc0d719b71fb91082e050967b644a5e55b33a0,0xbfa191b10798dae24ce4a88d4dbe557e753367d4,RealToken S 10411-10421 Cadieux Rd Detroit MI,15.29,0.33
2025-06-21,0xb2cc0d719b71fb91082e050967b644a5e55b33a0,0xe6119bb362f9ef0bcd714e0f6867a1a9ec15c5ad,RealToken S 19751 Marx St Highland Park MI,444.39,9.64
2025-06-24,0xb2cc0d719b71fb91082e050967b644a5e55b33a0,0xaf308d1df7463866b53a6904faee21c3b4b77d0e,RealToken S 1907 Ottawa Dr Toledo OH,330.06,7.00
2025-06-25,0xb2cc0d719b71fb91082e050967b644a5e55b33a0,0x897ddf5898a2d91c6fbbf158a5b8d3db76b03dae,RealToken S 19000 Fenton St Detroit MI,136.54,3.00
2025-06-25,0xb2cc0d719b71fb91082e050967b644a5e55b33a0,0x433dd11e3f2c6c6619c729fd78c1ed7042ec5f1e,RealToken S 18980 Fenton St Detroit MI,14.71,0.32
2025-06-25,0xb2cc0d719b71fb91082e050967b644a5e55b33a0,0xd21d3fd5cd1e7bb22947338f7f4099b89e33bf09,RealToken S 17809 Charest St Detroit MI,87.21,1.71
2025-06-25,0xb2cc0d719b71fb91082e050967b644a5e55b33a0,0xdc08e5c6cc90e95f3ebc11afdbaf717a29032c72,RealToken S 10040 Cadieux Rd Detroit MI,40.21,0.88
2025-06-26,0xb2cc0d719b71fb91082e050967b644a5e55b33a0,0x71d5919e7cf762a6b0913ed08f4315965e9c01a1,RealToken S 19000 Fenton St Detroit MI,42.40,0.93
2025-06-28,0xb2cc0d719b71fb91082e050967b644a5e55b33a0,0x49352b0e106f451d20eb981fb7e186a40245ef1c,RealToken S 8003 S Ingleside Ave Chicago IL,46.03,1.00
2025-06-28,0xb2cc0d719b71fb91082e050967b644a5e55b33a0,0xfc5867e29a4af3b6be6f6613a69f2e56004f1794,RealToken S 8003 S Ingleside Ave Chicago IL,13.96,0.30
2025-07-03,0xb2cc0d719b71fb91082e050967b644a5e55b33a0,0x8f982a85a218a69dd8ddef2bf5e9b98f0913c0b6,RealToken S 13445 Tacoma St Detroit MI,12.99,0.27
2025-07-03,0xb2cc0d719b71fb91082e050967b644a5e55b33a0,0xf1d049c3fc9e5a385c61977a262b602948a21282,RealToken S 8181 Bliss St Detroit MI,94.12,1.92
2025-07-05,0xb2cc0d719b71fb91082e050967b644a5e55b33a0,0x7bfd09fe8af84233ef046caf106869d0e6dc5e4f,RealToken S 13245 Monica St Detroit MI,23.00,0.49
2025-07-06,0xb2cc0d719b71fb91082e050967b644a5e55b33a0,0xe6119bb362f9ef0bcd714e0f6867a1a9ec15c5ad,RealToken S 1610 E State Fair Ave Detroit MI,281.14,6.15
2025-07-08,0xb2cc0d719b71fb91082e050967b644a5e55b33a0,0xc190f98fc7d04971a632b759e066503a455b1e20,RealToken S 1521-1523 S.Drake Ave Chicago IL,9.10,0.20
2025-07-08,0xb2cc0d719b71fb91082e050967b644a5e55b33a0,0x2423421fb198786482027de52a8d2b73aaf626db,RealToken S 8003 S Ingleside Ave Chicago IL,86.90,1.89
2025-07-09,0xb2cc0d719b71fb91082e050967b644a5e55b33a0,0x835c3e4296fd0cdfa139ed6702e6cd5869bed999,RealToken S 13835 La Salle Blvd Detroit MI,3.44,0.08
2025-07-10,0xb2cc0d719b71fb91082e050967b644a5e55b33a0,0x530995a2492f3e3060b45ec684158375ef78f809,RealToken S 19751 Marx St Highland Park MI,22.72,0.49
2025-07-10,0xb2cc0d719b71fb91082e050967b644a5e55b33a0,0x75378ac42117895c35039af02f559bc92875b61a,RealToken S 20160 Conant St Detroit MI,81.46,1.73
2025-07-13,0x8c70aa71c16d0155e4da75a7f8cf446d271296a4,0xa02670786adfd5242c63808d73c06a7284483d5c,Wrapped XDAI,0.00,0.00
2025-07-14,0xb2cc0d719b71fb91082e050967b644a5e55b33a0,0x09b8fdd81ffa55fb60f5ad1179ca61a9f152b5e9,RealToken S 8003 S Ingleside Ave Chicago IL,21.48,0.47
2025-07-14,0xb2cc0d719b71fb91082e050967b644a5e55b33a0,0x7c716408b5055b4d283c62dce8ea351045dcb223,RealToken S 19750 Marx St Highland Park MI,56.35,1.23
2025-07-16,0xb2cc0d719b71fb91082e050967b644a5e55b33a0,0x26f315337d1779118e38aab5d024ab7e2f9f0204,RealToken S 19751 Marx St Highland Park MI,45.49,0.99
2025-07-17,0xb2cc0d719b71fb91082e050967b644a5e55b33a0,0x62122f8221b26bb3c942981fa2db4f60ece282fb,RealToken S 8065 Lost Shaker Ln Kissimmee FL,20.22,0.44
2025-07-18,0xb2cc0d719b71fb91082e050967b644a5e55b33a0,0x595dd36e8876504b1429bc2d9522e59d5871da1d,RealToken S 618 E 79th St Chicago IL,102.44,2.22
2025-07-18,0xb2cc0d719b71fb91082e050967b644a5e55b33a0,0x1a6bb174e428ec819fe800a493cb6b0ba6819ea1,RealToken S 19751 Marx St Highland Park MI,22.58,0.49
2025-07-18,0xa22dc341c8dd53ab1dff6e66228e779832a449bf,0xc0d6b80fb7266f12cb1e3b6792efd0cfc406e241,RealToken S 19041 Lenore Ave Detroit MI,40.22,0.88
2025-07-21,0xb2cc0d719b71fb91082e050967b644a5e55b33a0,0xa005a9300bbe8110b65f1eed2aa7e01c60760140,RealToken S 19750 Marx St Highland Park MI,149.54,3.27
2025-07-24,0xb2cc0d719b71fb91082e050967b644a5e55b33a0,0xa432abad51f52abf614947d8d5ce37801884706f,RealToken S 10411-10421 Cadieux Rd Detroit MI,91.37,2.00
2025-07-26,0xa22dc341c8dd53ab1dff6e66228e779832a449bf,0xe6119bb362f9ef0bcd714e0f6867a1a9ec15c5ad,RealToken S 618 E 79th St Chicago IL,143.64,3.11
2025-08-03,0xa22dc341c8dd53ab1dff6e66228e779832a449bf,0x9c3b04f3f7e5e3884b7cb8e8d2bcd0d1bef5953f,RealToken S 1630 E State Fair Ave Detroit MI,110.00,2.42
2025-08-03,0xa22dc341c8dd53ab1dff6e66228e779832a449bf,0x84ecf15af6fec307afeab934b46947967bc02d5f,RealToken S 18980 Fenton St Detroit MI,91.38,2.00
2025-08-04,0xb2cc0d719b71fb91082e050967b644a5e55b33a0,0x6adce7c7378a70ba4876e462079fc75460af0012,Wrapped XDAI,0.78,0.81
2025-08-04,0xa22dc341c8dd53ab1dff6e66228e779832a449bf,0x7e29496ecc9c809affe9fcd482aa76bb01f7ab87,RealToken S 12866 Lauder St Detroit MI,180.81,3.67
2025-08-07,0xa22dc341c8dd53ab1dff6e66228e779832a449bf,0xeb3e5ece649183bba1cf5c2a7100fc219d4a9799,RealToken S 14918 Joy Rd Detroit MI,20.98,0.47
2025-08-07,0xb2cc0d719b71fb91082e050967b644a5e55b33a0,0xf1d049c3fc9e5a385c61977a262b602948a21282,RealToken S 12866 Lauder St Detroit MI,48.81,0.99
2025-08-09,0xb2cc0d719b71fb91082e050967b644a5e55b33a0,0x47b6e382b42cb3047b55222586b581f8e4a2249e,Wrapped XDAI,44.45,46.67
2025-08-09,0xa22dc341c8dd53ab1dff6e66228e779832a449bf,0xe6119bb362f9ef0bcd714e0f6867a1a9ec15c5ad,RealToken S 618 E 79th St Chicago IL,72.81,1.58
2025-08-11,0xa22dc341c8dd53ab1dff6e66228e779832a449bf,0x78b0810b89577cd2090cfd3d42e61f98601da18f,RealToken S 14918 Joy Rd Detroit MI,31.24,0.70
2025-08-12,0xb2cc0d719b71fb91082e050967b644a5e55b33a0,0x08894d75106cbd412de6fd19c658b145ea1f0beb,RealToken S 8065 Lost Shaker Ln Kissimmee FL,5.77,0.13
2025-08-15,0xb2cc0d719b71fb91082e050967b644a5e55b33a0,0xae7cc278486f879240dc79a128093f351460ffb3,Wrapped XDAI,2.48,2.61
2025-08-16,0xa22dc341c8dd53ab1dff6e66228e779832a449bf,0x1de6800d6c2d2430edee2b52c49dcf89dfb84374,RealToken S 19751 Marx St Highland Park MI,40.34,0.88
2025-08-17,0xa22dc341c8dd53ab1dff6e66228e779832a449bf,0xaf308d1df7463866b53a6904faee21c3b4b77d0e,RealToken S 8060 Dreamsicle Dr Kissimmee FL,358.72,7.77
2025-08-21,0xb2cc0d719b71fb91082e050967b644a5e55b33a0,0xef029103634395e9959c755282efaf49c65e577f,RealToken S 8003 S Ingleside Ave Chicago IL,22.69,0.49
2025-08-22,0xb2cc0d719b71fb91082e050967b644a5e55b33a0,0x4da0ca5cbcf06d41c1935f3a7cfd3a5608017d96,RealToken S 3747 Scovel Pl Detroit MI,40.94,0.90
2025-08-22,0xb2cc0d719b71fb91082e050967b644a5e55b33a0,0x263c03f9fe227d3529a99ddbe6ae0b098c894ba6,RealToken S 10411-10421 Cadieux Rd Detroit MI,4.12,0.09
2025-08-23,0xb2cc0d719b71fb91082e050967b644a5e55b33a0,0x4245fbf228968ce8813331ccc63c2b96f5805ff6,RealToken S 618 E 79th St Chicago IL,0.55,0.01
2025-08-28,0xb2cc0d719b71fb91082e050967b644a5e55b33a0,0xb4a4b7c8d9fe72db1ab749620e50bdc21bf3c78f,RealToken S 1630 E State Fair Ave Detroit MI,45.08,0.99
2025-08-30,0xb2cc0d719b71fb91082e050967b644a5e55b33a0,0x3b99fe279c67920c1236beeaaea82ca699911b66,RealToken S 618 E 79th St Chicago IL,38.35,0.83
2025-09-04,0xb2cc0d719b71fb91082e050967b644a5e55b33a0,0x39cf1088be8cac564e8569b69d254fda5c4b94b9,RealToken S 2703-2705 W Grand St Detroit MI,47.38,1.00
2025-09-05,0xb2cc0d719b71fb91082e050967b644a5e55b33a0,0x9c3b04f3f7e5e3884b7cb8e8d2bcd0d1bef5953f,RealToken S 19041 Lenore Ave Detroit MI,91.40,2.00
2025-09-09,0xb2cc0d719b71fb91082e050967b644a5e55b33a0,0x16d56e22268eae7d4ec11506a152b5a7fc7ad69b,Wrapped XDAI,34.09,35.80
2025-09-10,0xa22dc341c8dd53ab1dff6e66228e779832a449bf,0x1e7abd6f6e9d817469f0eb5805226257a816e0d4,RealToken S 13245 Monica St Detroit MI,24.69,0.53
2025-09-10,0xb2cc0d719b71fb91082e050967b644a5e55b33a0,0xdf5ab1450a7b79b6eac61a9aa10903543749ec19,RealToken S 16851-16881 Greenfield Rd Detroit MI,42.21,0.91
2025-09-14,0xa22dc341c8dd53ab1dff6e66228e779832a449bf,0x84ecf15af6fec307afeab934b46947967bc02d5f,RealToken S 19041 Lenore Ave Detroit MI,91.40,2.00
2025-09-14,0xa22dc341c8dd53ab1dff6e66228e779832a449bf,0x50385195e739d6ece2ff0e1099d902a38984cddc,RealToken S 19000 Fenton St Detroit MI,225.04,4.94
2025-09-18,0xa22dc341c8dd53ab1dff6e66228e779832a449bf,0x5c600a0b2db9a362aa3b1a0ea92db61550744d39,RealToken S 618 E 79th St Chicago IL,11.07,0.24
2025-09-18,0xa22dc341c8dd53ab1dff6e66228e779832a449bf,0xe6119bb362f9ef0bcd714e0f6867a1a9ec15c5ad,RealToken S 1610 E State Fair Ave Detroit MI,37.79,0.83
2025-09-20,0xa22dc341c8dd53ab1dff6e66228e779832a449bf,0x0b46dbd7a8f8666ff500f8311e92a9d609634372,RealToken S 1610 E State Fair Ave Detroit MI,281.71,6.16
2025-09-21,0x309ccbc93c8211c7dabfffb2fa96aaa78f9c7910,0x8a2b27f0ca6ddab1f80065ebd2ac29588d8ad211,RealToken S 1 Holdings Belvidere St Detroit MI,63.36,1.28
2025-09-21,0x14644807943d355f5f69e3e7936318989c320075,0xc25d79fc4970479b88068ce8891ed9be5799210d,Wrapped XDAI,0.08,0.09
2025-09-25,0xe5451d121040e6176476077955efc44ea5c01d48,0x1624d672020b1f294ea448c12388eb90b6804b8f,RealToken S 8003 S Ingleside Ave Chicago IL,276.27,6.00
2025-09-26,0x05fc68f4b7714389a17128653f82d50bee98e542,0xa7f5ef52d840665ebfd5099c8e0bc0f482a50d31,RealToken S 1389 Bird Ave Birmingham MI,0.21,0.00
2025-09-26,0x05fc68f4b7714389a17128653f82d50bee98e542,0xa0081821a848ed719342bdd5a0ec187539a7f12a,RealToken S 19333 Moenart St Detroit MI,2.61,0.05
2025-09-27,0x05fc68f4b7714389a17128653f82d50bee98e542,0x5846fc589dcf5de5683f8d031d57b61fbc63c562,Wrapped XDAI,5.68,5.96
2025-09-28,0x05fc68f4b7714389a17128653f82d50bee98e542,0x9e48c1cdd88b1ef6fb295efbdd1654c3bae68759,Wrapped XDAI,1.31,1.37
2025-09-29,0xe5451d121040e6176476077955efc44ea5c01d48,0x7e29496ecc9c809affe9fcd482aa76bb01f7ab87,RealToken S 1389 Bird Ave Birmingham MI,58.89,1.23
2025-10-01,0x05fc68f4b7714389a17128653f82d50bee98e542,0x1ceb00630377aa16074bcb4de0760631fac53480,RealToken S 618 E 79th St Chicago IL,0.10,0.00
2025-10-01,0x05fc68f4b7714389a17128653f82d50bee98e542,0x1ceb00630377aa16074bcb4de0760631fac53480,RealToken S 618 E 79th St Chicago IL,8.39,0.18
2025-10-02,0x309ccbc93c8211c7dabfffb2fa96aaa78f9c7910,0x88107fcac1f52a68f95500620b2e27ba1c7cb9d6,RealToken S 20160 Conant St Detroit MI,47.18,1.00
2025-10-05,0xc788fa2cdf965ac3478c3a26162a9d49bc4f1e45,0x48f7d45fa696dc89ff4f2233b25490455ae19dc2,Wrapped XDAI,1.79,1.88
2025-10-08,0xe5451d121040e6176476077955efc44ea5c01d48,0x88107fcac1f52a68f95500620b2e27ba1c7cb9d6,RealToken S 10617 Hathaway Ave Cleveland OH,147.36,3.00
2025-10-08,0xc788fa2cdf965ac3478c3a26162a9d49bc4f1e45,0x3c6d5ac1cf91a7e7f99e9357e172b08583acc446,RealToken S 1389 Bird Ave Birmingham MI,23.01,0.48
2025-10-08,0xc788fa2cdf965ac3478c3a26162a9d49bc4f1e45,0xc799ffc24c2bbeb2c64336e6d0dfc2381d695e75,RealToken S 14918 Joy Rd Detroit MI,31.79,0.71
2025-10-11,0xa22dc341c8dd53ab1dff6e66228e779832a449bf,0x9c3b04f3f7e5e3884b7cb8e8d2bcd0d1bef5953f,RealToken S 1610 E State Fair Ave Detroit MI,45.75,1.00
2025-10-12,0xa22dc341c8dd53ab1dff6e66228e779832a449bf,0xcb68ec71201d8e35d177a267cf4e52a9ee972ecb,RealToken S 19751 Marx St Highland Park MI,12.43,0.27
2025-10-15,0xfb1cfc4ca506302cb8d1fc4c9694c0e1fc4d6d38,0x125d720d0b3e7d05cc65959b89a545e9c9e6f927,Wrapped XDAI,7.91,8.30
2025-10-15,0xa22dc341c8dd53ab1dff6e66228e779832a449bf,0x433dd11e3f2c6c6619c729fd78c1ed7042ec5f1e,RealToken S 19751 Marx St Highland Park MI,8.52,0.18
2025-10-17,0x083cfa7fd187be983ce5d519fe7ae78357779998,0xa432abad51f52abf614947d8d5ce37801884706f,Wrapped XDAI,71.66,75.24
2025-10-17,0xa22dc341c8dd53ab1dff6e66228e779832a449bf,0xd21d3fd5cd1e7bb22947338f7f4099b89e33bf09,RealToken S 17809 Charest St Detroit MI,48.84,0.96
2025-10-18,0xa22dc341c8dd53ab1dff6e66228e779832a449bf,0xdc08e5c6cc90e95f3ebc11afdbaf717a29032c72,RealToken S 3510 Ewald Cir Detroit MI,22.54,0.49
2025-10-18,0xa22dc341c8dd53ab1dff6e66228e779832a449bf,0x7e29496ecc9c809affe9fcd482aa76bb01f7ab87,RealToken S 15860 Hartwell St Detroit MI,47.70,0.97
2025-10-18,0xa22dc341c8dd53ab1dff6e66228e779832a449bf,0x71d5919e7cf762a6b0913ed08f4315965e9c01a1,RealToken S 3510 Ewald Cir Detroit MI,23.00,0.51
2025-10-19,0xc788fa2cdf965ac3478c3a26162a9d49bc4f1e45,0xbfa191b10798dae24ce4a88d4dbe557e753367d4,RealToken S 10411-10421 Cadieux Rd Detroit MI,1.18,0.03
2025-10-20,0xa22dc341c8dd53ab1dff6e66228e779832a449bf,0x1624d672020b1f294ea448c12388eb90b6804b8f,RealToken S 1610 E State Fair Ave Detroit MI,182.96,4.00
2025-10-20,0xa22dc341c8dd53ab1dff6e66228e779832a449bf,0x49352b0e106f451d20eb981fb7e186a40245ef1c,RealToken S 19750 Marx St Highland Park MI,9.00,0.20
2025-10-23,0xa22dc341c8dd53ab1dff6e66228e779832a449bf,0x88107fcac1f52a68f95500620b2e27ba1c7cb9d6,RealToken S 14918 Joy Rd Detroit MI,134.85,3.00
2025-10-24,0xa22dc341c8dd53ab1dff6e66228e779832a449bf,0x8f982a85a218a69dd8ddef2bf5e9b98f0913c0b6,RealToken S 13628 Tacoma St Detroit MI,5.00,0.11
2025-10-25,0xa22dc341c8dd53ab1dff6e66228e779832a449bf,0x8248e9de5988dfd4fa3b981c3465f483236273f2,RealToken S 20160 Conant St Detroit MI,40.74,0.86
2025-10-26,0x083cfa7fd187be983ce5d519fe7ae78357779998,0x5ab5fec14803a941e78afe7cd2554a05da250383,Wrapped XDAI,96.65,101.48
2025-10-27,0xa22dc341c8dd53ab1dff6e66228e779832a449bf,0xc71a06bfbc63454a8087ab40825829613e6d6faa,RealToken S 1630 E State Fair Ave Detroit MI,45.52,1.00
2025-10-27,0xa22dc341c8dd53ab1dff6e66228e779832a449bf,0x9c3b04f3f7e5e3884b7cb8e8d2bcd0d1bef5953f,RealToken S 3510 Ewald Cir Detroit MI,91.11,2.00
2025-10-27,0xe5451d121040e6176476077955efc44ea5c01d48,0x897ddf5898a2d91c6fbbf158a5b8d3db76b03dae,RealToken S 8003 S Ingleside Ave Chicago IL,46.05,1.00
2025-10-28,0xa22dc341c8dd53ab1dff6e66228e779832a449bf,0x9c5608b786ba8b4593b8695b27fa7f6f22cacbad,RealToken S 8065 Lost Shaker Ln Kissimmee FL,184.96,4.02
2025-10-28,0xa22dc341c8dd53ab1dff6e66228e779832a449bf,0x7bfd09fe8af84233ef046caf106869d0e6dc5e4f,RealToken S 13245 Monica St Detroit MI,12.91,0.28
2025-10-28,0xc6a82e72156a11a2e1634633af5e4517b451f0d9,0xbfa191b10798dae24ce4a88d4dbe557e753367d4,RealToken S 13835 La Salle Blvd Detroit MI,8.13,0.18
2025-10-28,0xc6a82e72156a11a2e1634633af5e4517b451f0d9,0xfc5867e29a4af3b6be6f6613a69f2e56004f1794,RealToken S 8003 S Ingleside Ave Chicago IL,7.90,0.17
2025-10-31,0xa22dc341c8dd53ab1dff6e66228e779832a449bf,0x7e29496ecc9c809affe9fcd482aa76bb01f7ab87,RealToken S 14825 Wilfried St Detroit MI,13.00,0.27
2025-11-04,0xa22dc341c8dd53ab1dff6e66228e779832a449bf,0x1624d672020b1f294ea448c12388eb90b6804b8f,RealToken S 8065 Lost Shaker Ln Kissimmee FL,183.86,4.00
2025-11-05,0xa22dc341c8dd53ab1dff6e66228e779832a449bf,0x7e29496ecc9c809affe9fcd482aa76bb01f7ab87,RealToken S 14825 Wilfried St Detroit MI,43.57,0.91
2025-11-05,0xa22dc341c8dd53ab1dff6e66228e779832a449bf,0x84ecf15af6fec307afeab934b46947967bc02d5f,RealToken S 1630 E State Fair Ave Detroit MI,45.52,1.00
2025-11-05,0xa22dc341c8dd53ab1dff6e66228e779832a449bf,0x75378ac42117895c35039af02f559bc92875b61a,RealToken S 1521-1523 S.Drake Ave Chicago IL,45.92,1.01
2025-11-16,0x134d928b26db2da678f16974580b22e799293e6c,0xc190f98fc7d04971a632b759e066503a455b1e20,RealToken S 1521-1523 S.Drake Ave Chicago IL,5.22,0.11
2025-11-16,0x134d928b26db2da678f16974580b22e799293e6c,0x530995a2492f3e3060b45ec684158375ef78f809,RealToken S 19751 Marx St Highland Park MI,12.99,0.28
2025-11-16,0x134d928b26db2da678f16974580b22e799293e6c,0x09b8fdd81ffa55fb60f5ad1179ca61a9f152b5e9,RealToken S 8003 S Ingleside Ave Chicago IL,12.23,0.27
2025-11-16,0x134d928b26db2da678f16974580b22e799293e6c,0x7c716408b5055b4d283c62dce8ea351045dcb223,RealToken S 19750 Marx St Highland Park MI,32.07,0.70
2025-11-16,0x134d928b26db2da678f16974580b22e799293e6c,0x88107fcac1f52a68f95500620b2e27ba1c7cb9d6,RealToken S 1521-1523 S.Drake Ave Chicago IL,45.42,1.00
2025-11-16,0x134d928b26db2da678f16974580b22e799293e6c,0x88107fcac1f52a68f95500620b2e27ba1c7cb9d6,RealToken S 8065 Lost Shaker Ln Kissimmee FL,91.93,2.00
2025-11-16,0x134d928b26db2da678f16974580b22e799293e6c,0x62122f8221b26bb3c942981fa2db4f60ece282fb,RealToken S 8065 Lost Shaker Ln Kissimmee FL,11.47,0.25
2025-11-16,0x134d928b26db2da678f16974580b22e799293e6c,0x595dd36e8876504b1429bc2d9522e59d5871da1d,RealToken S 1389 Bird Ave Birmingham MI,47.95,1.00
2025-11-16,0x134d928b26db2da678f16974580b22e799293e6c,0x26f315337d1779118e38aab5d024ab7e2f9f0204,RealToken S 19751 Marx St Highland Park MI,25.85,0.56
2025-11-16,0x134d928b26db2da678f16974580b22e799293e6c,0x1a6bb174e428ec819fe800a493cb6b0ba6819ea1,RealToken S 19751 Marx St Highland Park MI,12.80,0.28
2025-11-18,0x5fc96c182bb7e0413c08e8e03e9d7efc6cf0b099,0x6988e44ba9f48339071837a08cb92cc101ac30c8,RealToken S 16851-16881 Greenfield Rd Detroit MI,462.43,10.00
2025-11-18,0x5fc96c182bb7e0413c08e8e03e9d7efc6cf0b099,0x835c3e4296fd0cdfa139ed6702e6cd5869bed999,RealToken S 13835 La Salle Blvd Detroit MI,1.97,0.04
2025-11-18,0x5fc96c182bb7e0413c08e8e03e9d7efc6cf0b099,0xc71a06bfbc63454a8087ab40825829613e6d6faa,RealToken S 18980 Fenton St Detroit MI,204.34,4.47
2025-11-18,0x5fc96c182bb7e0413c08e8e03e9d7efc6cf0b099,0x125d720d0b3e7d05cc65959b89a545e9c9e6f927,RealToken S 13835 La Salle Blvd Detroit MI,21.34,0.47
2025-11-18,0x5fc96c182bb7e0413c08e8e03e9d7efc6cf0b099,0xc0d6b80fb7266f12cb1e3b6792efd0cfc406e241,RealToken S 19041 Lenore Ave Detroit MI,22.85,0.50
2025-11-18,0x5fc96c182bb7e0413c08e8e03e9d7efc6cf0b099,0x49352b0e106f451d20eb981fb7e186a40245ef1c,RealToken S 19750 Marx St Highland Park MI,0.06,0.00
2025-11-18,0x5fc96c182bb7e0413c08e8e03e9d7efc6cf0b099,0x7e29496ecc9c809affe9fcd482aa76bb01f7ab87,RealToken S 18980 Fenton St Detroit MI,47.22,1.03
2025-11-18,0x5fc96c182bb7e0413c08e8e03e9d7efc6cf0b099,0x78b0810b89577cd2090cfd3d42e61f98601da18f,RealToken S 1389 Bird Ave Birmingham MI,16.75,0.35
2025-11-18,0x5fc96c182bb7e0413c08e8e03e9d7efc6cf0b099,0x49352b0e106f451d20eb981fb7e186a40245ef1c,RealToken S 13835 La Salle Blvd Detroit MI,22.20,0.49
2025-11-26,0xe5451d121040e6176476077955efc44ea5c01d48,0x88107fcac1f52a68f95500620b2e27ba1c7cb9d6,RealToken S 1389 Bird Ave Birmingham MI,47.97,1.00
2025-12-08,0xc788fa2cdf965ac3478c3a26162a9d49bc4f1e45,0x7e29496ecc9c809affe9fcd482aa76bb01f7ab87,Wrapped XDAI,3.80,3.99
2025-12-10,0x083cfa7fd187be983ce5d519fe7ae78357779998,0x3b99fe279c67920c1236beeaaea82ca699911b66,Wrapped XDAI,21.91,23.01
2025-12-10,0xcc34e60802c9f884ac7c8418dd2b0937cc4245db,0x08894d75106cbd412de6fd19c658b145ea1f0beb,RealToken S 8065 Lost Shaker Ln Kissimmee FL,3.28,0.07
2026-01-02,0x7fbbab3a307765f42beb3d7a0b94dcbaa3240370,0xae7cc278486f879240dc79a128093f351460ffb3,Wrapped XDAI,1.45,1.52
2026-01-03,0x7fbbab3a307765f42beb3d7a0b94dcbaa3240370,0x8a2b27f0ca6ddab1f80065ebd2ac29588d8ad211,Wrapped XDAI,9.85,10.34
2026-01-03,0x7fbbab3a307765f42beb3d7a0b94dcbaa3240370,0x47b6e382b42cb3047b55222586b581f8e4a2249e,Wrapped XDAI,26.08,27.38
2026-01-03,0x7fbbab3a307765f42beb3d7a0b94dcbaa3240370,0x6adce7c7378a70ba4876e462079fc75460af0012,Wrapped XDAI,0.46,0.48
2026-01-06,0x7fbbab3a307765f42beb3d7a0b94dcbaa3240370,0x1ceb00630377aa16074bcb4de0760631fac53480,Wrapped XDAI,4.70,4.94
2026-01-13,0xf10581d6ba3d531bc3ce9b24af359089fe7616f1,0x73368827d5b39f60473ad51681ae0c73520d8871,RealToken S 1 Holdings Belvidere St Detroit MI,20.00,0.40
2026-01-13,0xf10581d6ba3d531bc3ce9b24af359089fe7616f1,0xc799ffc24c2bbeb2c64336e6d0dfc2381d695e75,RealToken S 14918 Joy Rd Detroit MI,17.83,0.40
2026-01-13,0xf10581d6ba3d531bc3ce9b24af359089fe7616f1,0x3c6d5ac1cf91a7e7f99e9357e172b08583acc446,RealToken S 1521-1523 S.Drake Ave Chicago IL,4.33,0.10
2026-01-13,0xf10581d6ba3d531bc3ce9b24af359089fe7616f1,0xa0081821a848ed719342bdd5a0ec187539a7f12a,RealToken S 19333 Moenart St Detroit MI,1.48,0.03
2026-01-21,0x5fc96c182bb7e0413c08e8e03e9d7efc6cf0b099,0x1624d672020b1f294ea448c12388eb90b6804b8f,RealToken S 19041 Lenore Ave Detroit MI,319.92,7.00
2026-01-21,0x5fc96c182bb7e0413c08e8e03e9d7efc6cf0b099,0xeb3e5ece649183bba1cf5c2a7100fc219d4a9799,RealToken S 14918 Joy Rd Detroit MI,12.60,0.28
2026-01-21,0x5fc96c182bb7e0413c08e8e03e9d7efc6cf0b099,0xf1d049c3fc9e5a385c61977a262b602948a21282,RealToken S 15860 Hartwell St Detroit MI,29.30,0.60
2026-01-21,0x5fc96c182bb7e0413c08e8e03e9d7efc6cf0b099,0x6988e44ba9f48339071837a08cb92cc101ac30c8,RealToken S 10411-10421 Cadieux Rd Detroit MI,502.74,11.00
2026-01-21,0x5fc96c182bb7e0413c08e8e03e9d7efc6cf0b099,0x897ddf5898a2d91c6fbbf158a5b8d3db76b03dae,RealToken S 1 Holdings Rohns St Detroit MI,51.20,1.00
2026-01-21,0x5fc96c182bb7e0413c08e8e03e9d7efc6cf0b099,0x1de6800d6c2d2430edee2b52c49dcf89dfb84374,RealToken S 13835 La Salle Blvd Detroit MI,24.00,0.53
2026-01-21,0x5fc96c182bb7e0413c08e8e03e9d7efc6cf0b099,0x73368827d5b39f60473ad51681ae0c73520d8871,RealToken S 3280 W Boston Blvd Detroit MI,213.92,4.65
2026-01-21,0x5fc96c182bb7e0413c08e8e03e9d7efc6cf0b099,0x45e474dc5cf316520b13ec7eea468cb8ddcb2fcf,RealToken S 1389 Bird Ave Birmingham MI,419.00,8.74
2026-01-21,0x5fc96c182bb7e0413c08e8e03e9d7efc6cf0b099,0x88107fcac1f52a68f95500620b2e27ba1c7cb9d6,RealToken S 13835 La Salle Blvd Detroit MI,364.03,7.98
2026-01-21,0x5fc96c182bb7e0413c08e8e03e9d7efc6cf0b099,0x84ecf15af6fec307afeab934b46947967bc02d5f,RealToken S 8065 Lost Shaker Ln Kissimmee FL,45.97,1.00
2026-01-21,0x5fc96c182bb7e0413c08e8e03e9d7efc6cf0b099,0xef029103634395e9959c755282efaf49c65e577f,RealToken S 8003 S Ingleside Ave Chicago IL,13.43,0.29
2026-01-21,0x5fc96c182bb7e0413c08e8e03e9d7efc6cf0b099,0xa7f5ef52d840665ebfd5099c8e0bc0f482a50d31,RealToken S 1389 Bird Ave Birmingham MI,0.12,0.00
2026-01-21,0x5fc96c182bb7e0413c08e8e03e9d7efc6cf0b099,0x9c3b04f3f7e5e3884b7cb8e8d2bcd0d1bef5953f,RealToken S 19751 Marx St Highland Park MI,92.23,2.00
2026-01-21,0x5fc96c182bb7e0413c08e8e03e9d7efc6cf0b099,0x4da0ca5cbcf06d41c1935f3a7cfd3a5608017d96,RealToken S 8003 S Ingleside Ave Chicago IL,24.23,0.53
2026-01-21,0x5fc96c182bb7e0413c08e8e03e9d7efc6cf0b099,0x263c03f9fe227d3529a99ddbe6ae0b098c894ba6,RealToken S 16851-16881 Greenfield Rd Detroit MI,0.33,0.01
2026-01-21,0x5fc96c182bb7e0413c08e8e03e9d7efc6cf0b099,0xb4a4b7c8d9fe72db1ab749620e50bdc21bf3c78f,RealToken S 1630 E State Fair Ave Detroit MI,0.42,0.01
2026-01-21,0x5fc96c182bb7e0413c08e8e03e9d7efc6cf0b099,0x4245fbf228968ce8813331ccc63c2b96f5805ff6,RealToken S 618 E 79th St Chicago IL,0.33,0.01
2026-01-21,0x5fc96c182bb7e0413c08e8e03e9d7efc6cf0b099,0x7e29496ecc9c809affe9fcd482aa76bb01f7ab87,RealToken S 17500 Evergreen Rd Detroit MI,0.42,0.01
2026-01-21,0x5fc96c182bb7e0413c08e8e03e9d7efc6cf0b099,0x7e29496ecc9c809affe9fcd482aa76bb01f7ab87,Wrapped XDAI,0.47,0.49
2026-01-21,0x5fc96c182bb7e0413c08e8e03e9d7efc6cf0b099,0x263c03f9fe227d3529a99ddbe6ae0b098c894ba6,RealToken S 10411-10421 Cadieux Rd Detroit MI,2.27,0.05
2026-01-21,0x5fc96c182bb7e0413c08e8e03e9d7efc6cf0b099,0x0fcaf922a7f33201f5caf3b87e5ecb9b994c6a2a,RealToken S 18980 Fenton St Detroit MI,147.55,3.23
2026-01-21,0x5fc96c182bb7e0413c08e8e03e9d7efc6cf0b099,0xb4a4b7c8d9fe72db1ab749620e50bdc21bf3c78f,RealToken S 19751 Marx St Highland Park MI,26.32,0.57
2026-01-21,0x5fc96c182bb7e0413c08e8e03e9d7efc6cf0b099,0xc256af132ae488ff25b8d80d459600ae3ed87d83,RealToken S 19751 Marx St Highland Park MI,92.23,2.00
2026-01-21,0x5fc96c182bb7e0413c08e8e03e9d7efc6cf0b099,0x8f982a85a218a69dd8ddef2bf5e9b98f0913c0b6,RealToken S 13445 Tacoma St Detroit MI,5.31,0.11
2026-01-21,0x5fc96c182bb7e0413c08e8e03e9d7efc6cf0b099,0x39cf1088be8cac564e8569b69d254fda5c4b94b9,RealToken S 2703-2705 W Grand St Detroit MI,27.71,0.58
2026-01-21,0x5fc96c182bb7e0413c08e8e03e9d7efc6cf0b099,0x7e29496ecc9c809affe9fcd482aa76bb01f7ab87,RealToken S 618 E 79th St Chicago IL,0.93,0.02
2026-01-21,0x5fc96c182bb7e0413c08e8e03e9d7efc6cf0b099,0x1624d672020b1f294ea448c12388eb90b6804b8f,RealToken S 19751 Marx St Highland Park MI,184.45,4.00
2026-01-21,0x5fc96c182bb7e0413c08e8e03e9d7efc6cf0b099,0x6988e44ba9f48339071837a08cb92cc101ac30c8,RealToken S 18980 Fenton St Detroit MI,548.33,12.00
2026-01-21,0x5fc96c182bb7e0413c08e8e03e9d7efc6cf0b099,0x7e29496ecc9c809affe9fcd482aa76bb01f7ab87,RealToken S 13116 Kilbourne Ave Detroit MI,0.43,0.01
2026-01-21,0x5fc96c182bb7e0413c08e8e03e9d7efc6cf0b099,0x1e7abd6f6e9d817469f0eb5805226257a816e0d4,RealToken S 13245 Monica St Detroit MI,3.25,0.07
2026-01-21,0x5fc96c182bb7e0413c08e8e03e9d7efc6cf0b099,0x1da85a0625e2576b434eca1fde155558e5078d2a,RealToken S 8060 Dreamsicle Dr Kissimmee FL,84.48,1.83
2026-01-21,0x5fc96c182bb7e0413c08e8e03e9d7efc6cf0b099,0xdf5ab1450a7b79b6eac61a9aa10903543749ec19,RealToken S 1389 Bird Ave Birmingham MI,3.48,0.07
2026-01-21,0x5fc96c182bb7e0413c08e8e03e9d7efc6cf0b099,0x50385195e739d6ece2ff0e1099d902a38984cddc,RealToken S 19000 Fenton St Detroit MI,130.29,2.86
2026-01-21,0x5fc96c182bb7e0413c08e8e03e9d7efc6cf0b099,0x84ecf15af6fec307afeab934b46947967bc02d5f,Wrapped XDAI,1.06,1.11
2026-01-21,0x5fc96c182bb7e0413c08e8e03e9d7efc6cf0b099,0xe6119bb362f9ef0bcd714e0f6867a1a9ec15c5ad,RealToken S 1610 E State Fair Ave Detroit MI,1.25,0.03
2026-01-21,0x5fc96c182bb7e0413c08e8e03e9d7efc6cf0b099,0x897ddf5898a2d91c6fbbf158a5b8d3db76b03dae,Wrapped XDAI,0.00,0.00
2026-01-21,0x5fc96c182bb7e0413c08e8e03e9d7efc6cf0b099,0x897ddf5898a2d91c6fbbf158a5b8d3db76b03dae,RealToken S 14882 Troester St Detroit MI,47.98,0.97
2026-01-21,0x5fc96c182bb7e0413c08e8e03e9d7efc6cf0b099,0x7e29496ecc9c809affe9fcd482aa76bb01f7ab87,RealToken S 11078 Wayburn St Detroit MI,0.43,0.01
2026-01-21,0x5fc96c182bb7e0413c08e8e03e9d7efc6cf0b099,0x84ecf15af6fec307afeab934b46947967bc02d5f,RealToken S 19751 Marx St Highland Park MI,46.11,1.00
2026-01-21,0x5fc96c182bb7e0413c08e8e03e9d7efc6cf0b099,0xdf5ab1450a7b79b6eac61a9aa10903543749ec19,RealToken S 16851-16881 Greenfield Rd Detroit MI,22.80,0.49
2026-01-21,0x5fc96c182bb7e0413c08e8e03e9d7efc6cf0b099,0x5c600a0b2db9a362aa3b1a0ea92db61550744d39,RealToken S 3510 Ewald Cir Detroit MI,2.76,0.06
2026-01-21,0x5fc96c182bb7e0413c08e8e03e9d7efc6cf0b099,0xe6119bb362f9ef0bcd714e0f6867a1a9ec15c5ad,RealToken S 618 E 79th St Chicago IL,12.12,0.26
2026-01-21,0x5fc96c182bb7e0413c08e8e03e9d7efc6cf0b099,0x7e29496ecc9c809affe9fcd482aa76bb01f7ab87,RealToken S 11201 College St Detroit MI,0.93,0.02
2026-01-21,0x5fc96c182bb7e0413c08e8e03e9d7efc6cf0b099,0x0b46dbd7a8f8666ff500f8311e92a9d609634372,RealToken S 19751 Marx St Highland Park MI,92.23,2.00
2026-01-21,0x5fc96c182bb7e0413c08e8e03e9d7efc6cf0b099,0x1e7abd6f6e9d817469f0eb5805226257a816e0d4,RealToken S 20160 Conant St Detroit MI,3.10,0.07
2026-01-21,0x5fc96c182bb7e0413c08e8e03e9d7efc6cf0b099,0x1624d672020b1f294ea448c12388eb90b6804b8f,RealToken S 19000 Fenton St Detroit MI,273.13,6.00
2026-01-21,0x5fc96c182bb7e0413c08e8e03e9d7efc6cf0b099,0x595dd36e8876504b1429bc2d9522e59d5871da1d,RealToken S 618 E 79th St Chicago IL,36.84,0.80
2026-01-21,0x5fc96c182bb7e0413c08e8e03e9d7efc6cf0b099,0xeb3e5ece649183bba1cf5c2a7100fc219d4a9799,RealToken S 14918 Joy Rd Detroit MI,6.30,0.14
2026-01-21,0x5fc96c182bb7e0413c08e8e03e9d7efc6cf0b099,0xf1d049c3fc9e5a385c61977a262b602948a21282,RealToken S 8181 Bliss St Detroit MI,4.05,0.08
2026-01-21,0x5fc96c182bb7e0413c08e8e03e9d7efc6cf0b099,0x9c3b04f3f7e5e3884b7cb8e8d2bcd0d1bef5953f,RealToken S 19000 Fenton St Detroit MI,45.52,1.00
2026-01-21,0x5fc96c182bb7e0413c08e8e03e9d7efc6cf0b099,0x7e29496ecc9c809affe9fcd482aa76bb01f7ab87,RealToken S 3510 Ewald Cir Detroit MI,3.70,0.08
2026-01-21,0x5fc96c182bb7e0413c08e8e03e9d7efc6cf0b099,0x1e7abd6f6e9d817469f0eb5805226257a816e0d4,RealToken S 17500 Evergreen Rd Detroit MI,11.19,0.22
2026-01-21,0x5fc96c182bb7e0413c08e8e03e9d7efc6cf0b099,0xcb68ec71201d8e35d177a267cf4e52a9ee972ecb,Wrapped XDAI,4.57,4.80
2026-01-21,0x5fc96c182bb7e0413c08e8e03e9d7efc6cf0b099,0xbfa191b10798dae24ce4a88d4dbe557e753367d4,RealToken S 13835 La Salle Blvd Detroit MI,4.50,0.10
2026-01-21,0x5fc96c182bb7e0413c08e8e03e9d7efc6cf0b099,0x433dd11e3f2c6c6619c729fd78c1ed7042ec5f1e,RealToken S 19751 Marx St Highland Park MI,4.80,0.10
2026-01-21,0x5fc96c182bb7e0413c08e8e03e9d7efc6cf0b099,0x71d5919e7cf762a6b0913ed08f4315965e9c01a1,RealToken S 19751 Marx St Highland Park MI,5.30,0.12
2026-01-21,0x5fc96c182bb7e0413c08e8e03e9d7efc6cf0b099,0xc190f98fc7d04971a632b759e066503a455b1e20,RealToken S 1521-1523 S.Drake Ave Chicago IL,2.82,0.06
2026-01-21,0x5fc96c182bb7e0413c08e8e03e9d7efc6cf0b099,0xfc5867e29a4af3b6be6f6613a69f2e56004f1794,RealToken S 8003 S Ingleside Ave Chicago IL,4.37,0.09
2026-01-21,0x5fc96c182bb7e0413c08e8e03e9d7efc6cf0b099,0x7e29496ecc9c809affe9fcd482aa76bb01f7ab87,RealToken S 10411-10421 Cadieux Rd Detroit MI,1.32,0.03
2026-01-21,0x5fc96c182bb7e0413c08e8e03e9d7efc6cf0b099,0x835c3e4296fd0cdfa139ed6702e6cd5869bed999,RealToken S 13835 La Salle Blvd Detroit MI,1.06,0.02
2026-01-21,0x5fc96c182bb7e0413c08e8e03e9d7efc6cf0b099,0x5c600a0b2db9a362aa3b1a0ea92db61550744d39,RealToken S 618 E 79th St Chicago IL,5.01,0.11
2026-01-21,0x5fc96c182bb7e0413c08e8e03e9d7efc6cf0b099,0x8a2b27f0ca6ddab1f80065ebd2ac29588d8ad211,RealToken S 1 Holdings Belvidere St Detroit MI,31.44,0.63
2026-01-21,0x5fc96c182bb7e0413c08e8e03e9d7efc6cf0b099,0x16d56e22268eae7d4ec11506a152b5a7fc7ad69b,Wrapped XDAI,19.84,20.84
2026-01-21,0x5fc96c182bb7e0413c08e8e03e9d7efc6cf0b099,0xdc08e5c6cc90e95f3ebc11afdbaf717a29032c72,RealToken S 10040 Cadieux Rd Detroit MI,5.65,0.12
2026-01-21,0x5fc96c182bb7e0413c08e8e03e9d7efc6cf0b099,0xc25d79fc4970479b88068ce8891ed9be5799210d,Wrapped XDAI,0.05,0.05
2026-01-21,0x5fc96c182bb7e0413c08e8e03e9d7efc6cf0b099,0xd21d3fd5cd1e7bb22947338f7f4099b89e33bf09,RealToken S 17809 Charest St Detroit MI,27.41,0.54
2026-01-21,0x5fc96c182bb7e0413c08e8e03e9d7efc6cf0b099,0x530995a2492f3e3060b45ec684158375ef78f809,RealToken S 19751 Marx St Highland Park MI,7.01,0.15
2026-01-21,0x5fc96c182bb7e0413c08e8e03e9d7efc6cf0b099,0x7e29496ecc9c809affe9fcd482aa76bb01f7ab87,RealToken S 9415-9417 Ravenswood St Detroit MI,2.93,0.06
2026-01-21,0x5fc96c182bb7e0413c08e8e03e9d7efc6cf0b099,0x7e29496ecc9c809affe9fcd482aa76bb01f7ab87,RealToken S 2703-2705 W Grand St Detroit MI,3.96,0.08
2026-01-21,0x5fc96c182bb7e0413c08e8e03e9d7efc6cf0b099,0x7e29496ecc9c809affe9fcd482aa76bb01f7ab87,RealToken S 17809 Charest St Detroit MI,2.20,0.04
2026-01-21,0x5fc96c182bb7e0413c08e8e03e9d7efc6cf0b099,0x7e29496ecc9c809affe9fcd482aa76bb01f7ab87,RealToken S 1907 Ottawa Dr Toledo OH,1.46,0.03
2026-01-21,0x5fc96c182bb7e0413c08e8e03e9d7efc6cf0b099,0x7e29496ecc9c809affe9fcd482aa76bb01f7ab87,RealToken S 1630 E State Fair Ave Detroit MI,6.38,0.14
2026-01-21,0x5fc96c182bb7e0413c08e8e03e9d7efc6cf0b099,0x7e29496ecc9c809affe9fcd482aa76bb01f7ab87,RealToken S 14918 Joy Rd Detroit MI,9.30,0.21
2026-01-21,0x5fc96c182bb7e0413c08e8e03e9d7efc6cf0b099,0x7e29496ecc9c809affe9fcd482aa76bb01f7ab87,RealToken S 16851-16881 Greenfield Rd Detroit MI,2.22,0.05
2026-01-21,0x5fc96c182bb7e0413c08e8e03e9d7efc6cf0b099,0x7e29496ecc9c809affe9fcd482aa76bb01f7ab87,RealToken S 19000 Fenton St Detroit MI,11.94,0.26
2026-01-21,0x5fc96c182bb7e0413c08e8e03e9d7efc6cf0b099,0x7e29496ecc9c809affe9fcd482aa76bb01f7ab87,RealToken S 13245 Monica St Detroit MI,13.42,0.29
2026-01-21,0x5fc96c182bb7e0413c08e8e03e9d7efc6cf0b099,0x7e29496ecc9c809affe9fcd482aa76bb01f7ab87,RealToken S 14882 Troester St Detroit MI,12.39,0.25
2026-01-21,0x5fc96c182bb7e0413c08e8e03e9d7efc6cf0b099,0x7e29496ecc9c809affe9fcd482aa76bb01f7ab87,RealToken S 1610 E State Fair Ave Detroit MI,21.66,0.47
2026-01-21,0x5fc96c182bb7e0413c08e8e03e9d7efc6cf0b099,0x7e29496ecc9c809affe9fcd482aa76bb01f7ab87,RealToken S 19041 Lenore Ave Detroit MI,27.76,0.61
2026-01-22,0x5fc96c182bb7e0413c08e8e03e9d7efc6cf0b099,0xa7f5ef52d840665ebfd5099c8e0bc0f482a50d31,RealToken S 1389 Bird Ave Birmingham MI,0.06,0.00
2026-01-22,0x5fc96c182bb7e0413c08e8e03e9d7efc6cf0b099,0xa0081821a848ed719342bdd5a0ec187539a7f12a,RealToken S 19333 Moenart St Detroit MI,0.75,0.01
2026-01-22,0x5fc96c182bb7e0413c08e8e03e9d7efc6cf0b099,0x201cd39344d0682a36a28f9354029ce6f4b23197,Wrapped XDAI,19.52,19.52
2026-01-22,0x5fc96c182bb7e0413c08e8e03e9d7efc6cf0b099,0x201cd39344d0682a36a28f9354029ce6f4b23197,RealToken S 1389 Bird Ave Birmingham MI,0.74,0.01
2026-01-22,0x5fc96c182bb7e0413c08e8e03e9d7efc6cf0b099,0x73368827d5b39f60473ad51681ae0c73520d8871,RealToken S 1 Holdings Belvidere St Detroit MI,214.08,3.93
2026-01-22,0x5fc96c182bb7e0413c08e8e03e9d7efc6cf0b099,0x1de6800d6c2d2430edee2b52c49dcf89dfb84374,RealToken S 19751 Marx St Highland Park MI,5.76,0.11
2026-01-22,0x5fc96c182bb7e0413c08e8e03e9d7efc6cf0b099,0x1de6800d6c2d2430edee2b52c49dcf89dfb84374,RealToken S 19751 Marx St Highland Park MI,0.52,0.01
2026-01-22,0x5fc96c182bb7e0413c08e8e03e9d7efc6cf0b099,0xf1d049c3fc9e5a385c61977a262b602948a21282,RealToken S 15860 Hartwell St Detroit MI,8.85,0.16
2026-01-22,0x5fc96c182bb7e0413c08e8e03e9d7efc6cf0b099,0x45e474dc5cf316520b13ec7eea468cb8ddcb2fcf,RealToken S 8003 S Ingleside Ave Chicago IL,50.65,1.00
2026-01-22,0x5fc96c182bb7e0413c08e8e03e9d7efc6cf0b099,0x45e474dc5cf316520b13ec7eea468cb8ddcb2fcf,RealToken S 18980 Fenton St Detroit MI,100.53,2.00
2026-01-22,0x5fc96c182bb7e0413c08e8e03e9d7efc6cf0b099,0x45e474dc5cf316520b13ec7eea468cb8ddcb2fcf,RealToken S 1630 E State Fair Ave Detroit MI,150.22,3.00
2026-01-22,0x5fc96c182bb7e0413c08e8e03e9d7efc6cf0b099,0x45e474dc5cf316520b13ec7eea468cb8ddcb2fcf,RealToken S 1389 Bird Ave Birmingham MI,117.93,2.24
2026-01-22,0x5fc96c182bb7e0413c08e8e03e9d7efc6cf0b099,0x88107fcac1f52a68f95500620b2e27ba1c7cb9d6,RealToken S 1521-1523 S.Drake Ave Chicago IL,0.00,0.00
2026-01-22,0x5fc96c182bb7e0413c08e8e03e9d7efc6cf0b099,0x88107fcac1f52a68f95500620b2e27ba1c7cb9d6,RealToken S 1521-1523 S.Drake Ave Chicago IL,0.00,0.00
2026-01-22,0x5fc96c182bb7e0413c08e8e03e9d7efc6cf0b099,0x88107fcac1f52a68f95500620b2e27ba1c7cb9d6,RealToken S 20160 Conant St Detroit MI,0.00,0.00
2026-01-22,0x5fc96c182bb7e0413c08e8e03e9d7efc6cf0b099,0x88107fcac1f52a68f95500620b2e27ba1c7cb9d6,RealToken S 1389 Bird Ave Birmingham MI,0.00,0.00
2026-01-22,0x5fc96c182bb7e0413c08e8e03e9d7efc6cf0b099,0x88107fcac1f52a68f95500620b2e27ba1c7cb9d6,RealToken S 10617 Hathaway Ave Cleveland OH,0.00,0.00
2026-01-22,0x5fc96c182bb7e0413c08e8e03e9d7efc6cf0b099,0x88107fcac1f52a68f95500620b2e27ba1c7cb9d6,RealToken S 3510 Ewald Cir Detroit MI,50.10,1.00
2026-01-22,0x5fc96c182bb7e0413c08e8e03e9d7efc6cf0b099,0x88107fcac1f52a68f95500620b2e27ba1c7cb9d6,RealToken S 12747-12749 Nashville St Detroit MI,51.16,1.00
2026-01-22,0x5fc96c182bb7e0413c08e8e03e9d7efc6cf0b099,0x88107fcac1f52a68f95500620b2e27ba1c7cb9d6,RealToken S 8065 Lost Shaker Ln Kissimmee FL,0.00,0.00
2026-01-22,0x5fc96c182bb7e0413c08e8e03e9d7efc6cf0b099,0x88107fcac1f52a68f95500620b2e27ba1c7cb9d6,RealToken S 10617 Hathaway Ave Cleveland OH,0.00,0.00
2026-01-22,0x5fc96c182bb7e0413c08e8e03e9d7efc6cf0b099,0x88107fcac1f52a68f95500620b2e27ba1c7cb9d6,RealToken S 8065 Lost Shaker Ln Kissimmee FL,0.00,0.00
2026-01-22,0x5fc96c182bb7e0413c08e8e03e9d7efc6cf0b099,0x88107fcac1f52a68f95500620b2e27ba1c7cb9d6,RealToken S 3510 Ewald Cir Detroit MI,0.00,0.00
2026-01-22,0x5fc96c182bb7e0413c08e8e03e9d7efc6cf0b099,0x88107fcac1f52a68f95500620b2e27ba1c7cb9d6,RealToken S 13116 Kilbourne Ave Detroit MI,53.63,1.00
2026-01-22,0x5fc96c182bb7e0413c08e8e03e9d7efc6cf0b099,0x88107fcac1f52a68f95500620b2e27ba1c7cb9d6,RealToken S 13835 La Salle Blvd Detroit MI,101.10,2.02
2026-01-22,0x5fc96c182bb7e0413c08e8e03e9d7efc6cf0b099,0x88107fcac1f52a68f95500620b2e27ba1c7cb9d6,RealToken S 13835 La Salle Blvd Detroit MI,0.00,0.00
2026-01-22,0x5fc96c182bb7e0413c08e8e03e9d7efc6cf0b099,0x88107fcac1f52a68f95500620b2e27ba1c7cb9d6,RealToken S 3747 Scovel Pl Detroit MI,108.33,2.16
2026-01-22,0x5fc96c182bb7e0413c08e8e03e9d7efc6cf0b099,0x09b8fdd81ffa55fb60f5ad1179ca61a9f152b5e9,RealToken S 19041 Lenore Ave Detroit MI,3.05,0.06
2026-01-22,0x5fc96c182bb7e0413c08e8e03e9d7efc6cf0b099,0x09b8fdd81ffa55fb60f5ad1179ca61a9f152b5e9,RealToken S 19041 Lenore Ave Detroit MI,0.00,0.00
2026-01-22,0x5fc96c182bb7e0413c08e8e03e9d7efc6cf0b099,0x09b8fdd81ffa55fb60f5ad1179ca61a9f152b5e9,RealToken S 19041 Lenore Ave Detroit MI,0.00,0.00
2026-01-22,0x5fc96c182bb7e0413c08e8e03e9d7efc6cf0b099,0x09b8fdd81ffa55fb60f5ad1179ca61a9f152b5e9,RealToken S 8003 S Ingleside Ave Chicago IL,10.16,0.20
2026-01-22,0x5fc96c182bb7e0413c08e8e03e9d7efc6cf0b099,0x7c716408b5055b4d283c62dce8ea351045dcb223,RealToken S 19750 Marx St Highland Park MI,34.66,0.69
2026-01-22,0x5fc96c182bb7e0413c08e8e03e9d7efc6cf0b099,0x8248e9de5988dfd4fa3b981c3465f483236273f2,RealToken S 20160 Conant St Detroit MI,7.08,0.14
2026-01-22,0x5fc96c182bb7e0413c08e8e03e9d7efc6cf0b099,0x8248e9de5988dfd4fa3b981c3465f483236273f2,RealToken S 20160 Conant St Detroit MI,0.00,0.00
2026-01-22,0x5fc96c182bb7e0413c08e8e03e9d7efc6cf0b099,0x8248e9de5988dfd4fa3b981c3465f483236273f2,RealToken S 1521-1523 S.Drake Ave Chicago IL,38.24,0.77
2026-01-22,0x5fc96c182bb7e0413c08e8e03e9d7efc6cf0b099,0x7bfd09fe8af84233ef046caf106869d0e6dc5e4f,RealToken S 13245 Monica St Detroit MI,14.30,0.28
2026-01-22,0x5fc96c182bb7e0413c08e8e03e9d7efc6cf0b099,0x0b46dbd7a8f8666ff500f8311e92a9d609634372,RealToken S 19751 Marx St Highland Park MI,0.00,0.00
2026-01-22,0x5fc96c182bb7e0413c08e8e03e9d7efc6cf0b099,0x0b46dbd7a8f8666ff500f8311e92a9d609634372,RealToken S 1610 E State Fair Ave Detroit MI,92.68,1.84
2026-01-22,0x5fc96c182bb7e0413c08e8e03e9d7efc6cf0b099,0x0b46dbd7a8f8666ff500f8311e92a9d609634372,RealToken S 1610 E State Fair Ave Detroit MI,0.00,0.00
2026-01-22,0x5fc96c182bb7e0413c08e8e03e9d7efc6cf0b099,0xe6119bb362f9ef0bcd714e0f6867a1a9ec15c5ad,RealToken S 1610 E State Fair Ave Detroit MI,0.00,0.00
2026-01-22,0x5fc96c182bb7e0413c08e8e03e9d7efc6cf0b099,0xe6119bb362f9ef0bcd714e0f6867a1a9ec15c5ad,RealToken S 618 E 79th St Chicago IL,0.00,0.00
2026-01-22,0x5fc96c182bb7e0413c08e8e03e9d7efc6cf0b099,0xe6119bb362f9ef0bcd714e0f6867a1a9ec15c5ad,RealToken S 3510 Ewald Cir Detroit MI,30.27,0.60
2026-01-22,0x5fc96c182bb7e0413c08e8e03e9d7efc6cf0b099,0xc71a06bfbc63454a8087ab40825829613e6d6faa,RealToken S 18980 Fenton St Detroit MI,220.37,4.38
2026-01-22,0x5fc96c182bb7e0413c08e8e03e9d7efc6cf0b099,0x26f315337d1779118e38aab5d024ab7e2f9f0204,RealToken S 19751 Marx St Highland Park MI,27.93,0.55
2026-01-22,0x5fc96c182bb7e0413c08e8e03e9d7efc6cf0b099,0x125d720d0b3e7d05cc65959b89a545e9c9e6f927,Wrapped XDAI,0.00,0.00
2026-01-22,0x5fc96c182bb7e0413c08e8e03e9d7efc6cf0b099,0x125d720d0b3e7d05cc65959b89a545e9c9e6f927,Wrapped XDAI,0.00,0.00
2026-01-22,0x5fc96c182bb7e0413c08e8e03e9d7efc6cf0b099,0x125d720d0b3e7d05cc65959b89a545e9c9e6f927,Wrapped XDAI,0.00,0.00
2026-01-22,0x5fc96c182bb7e0413c08e8e03e9d7efc6cf0b099,0x125d720d0b3e7d05cc65959b89a545e9c9e6f927,RealToken S 3747 Scovel Pl Detroit MI,2.39,0.05
2026-01-22,0x5fc96c182bb7e0413c08e8e03e9d7efc6cf0b099,0x125d720d0b3e7d05cc65959b89a545e9c9e6f927,RealToken S 3747 Scovel Pl Detroit MI,0.00,0.00
2026-01-22,0x5fc96c182bb7e0413c08e8e03e9d7efc6cf0b099,0x125d720d0b3e7d05cc65959b89a545e9c9e6f927,RealToken S 13835 La Salle Blvd Detroit MI,20.63,0.41
2026-01-22,0x5fc96c182bb7e0413c08e8e03e9d7efc6cf0b099,0x75378ac42117895c35039af02f559bc92875b61a,RealToken S 20160 Conant St Detroit MI,14.16,0.27
2026-01-22,0x5fc96c182bb7e0413c08e8e03e9d7efc6cf0b099,0x75378ac42117895c35039af02f559bc92875b61a,RealToken S 20160 Conant St Detroit MI,0.00,0.00
2026-01-22,0x5fc96c182bb7e0413c08e8e03e9d7efc6cf0b099,0x75378ac42117895c35039af02f559bc92875b61a,RealToken S 1521-1523 S.Drake Ave Chicago IL,36.17,0.72
2026-01-22,0x5fc96c182bb7e0413c08e8e03e9d7efc6cf0b099,0x3c6d5ac1cf91a7e7f99e9357e172b08583acc446,RealToken S 1521-1523 S.Drake Ave Chicago IL,0.00,0.00
2026-01-22,0x5fc96c182bb7e0413c08e8e03e9d7efc6cf0b099,0x3c6d5ac1cf91a7e7f99e9357e172b08583acc446,RealToken S 1389 Bird Ave Birmingham MI,21.73,0.41
2026-01-22,0x5fc96c182bb7e0413c08e8e03e9d7efc6cf0b099,0x9c5608b786ba8b4593b8695b27fa7f6f22cacbad,Wrapped XDAI,7.25,7.25
2026-01-22,0x5fc96c182bb7e0413c08e8e03e9d7efc6cf0b099,0x9c5608b786ba8b4593b8695b27fa7f6f22cacbad,Wrapped XDAI,0.00,0.00
2026-01-22,0x5fc96c182bb7e0413c08e8e03e9d7efc6cf0b099,0x9c5608b786ba8b4593b8695b27fa7f6f22cacbad,Wrapped XDAI,0.00,0.00
2026-01-22,0x5fc96c182bb7e0413c08e8e03e9d7efc6cf0b099,0x9c5608b786ba8b4593b8695b27fa7f6f22cacbad,Wrapped XDAI,0.00,0.00
2026-01-22,0x5fc96c182bb7e0413c08e8e03e9d7efc6cf0b099,0x9c5608b786ba8b4593b8695b27fa7f6f22cacbad,RealToken S 2518 Glendale Ave Detroit MI,101.05,2.00
2026-01-22,0x5fc96c182bb7e0413c08e8e03e9d7efc6cf0b099,0x9c5608b786ba8b4593b8695b27fa7f6f22cacbad,RealToken S 8065 Lost Shaker Ln Kissimmee FL,96.58,1.91
2026-01-22,0x5fc96c182bb7e0413c08e8e03e9d7efc6cf0b099,0xc256af132ae488ff25b8d80d459600ae3ed87d83,RealToken S 19751 Marx St Highland Park MI,0.00,0.00
2026-01-22,0x5fc96c182bb7e0413c08e8e03e9d7efc6cf0b099,0xc256af132ae488ff25b8d80d459600ae3ed87d83,RealToken S 1630 E State Fair Ave Detroit MI,50.07,1.00
2026-01-22,0x5fc96c182bb7e0413c08e8e03e9d7efc6cf0b099,0xc256af132ae488ff25b8d80d459600ae3ed87d83,RealToken S 18980 Fenton St Detroit MI,69.07,1.37
2026-01-22,0x5fc96c182bb7e0413c08e8e03e9d7efc6cf0b099,0xef029103634395e9959c755282efaf49c65e577f,RealToken S 8003 S Ingleside Ave Chicago IL,13.44,0.27
2026-01-22,0x5fc96c182bb7e0413c08e8e03e9d7efc6cf0b099,0x4da0ca5cbcf06d41c1935f3a7cfd3a5608017d96,RealToken S 3747 Scovel Pl Detroit MI,5.16,0.10
2026-01-22,0x5fc96c182bb7e0413c08e8e03e9d7efc6cf0b099,0x4da0ca5cbcf06d41c1935f3a7cfd3a5608017d96,RealToken S 3747 Scovel Pl Detroit MI,0.00,0.00
2026-01-22,0x5fc96c182bb7e0413c08e8e03e9d7efc6cf0b099,0x4da0ca5cbcf06d41c1935f3a7cfd3a5608017d96,RealToken S 8003 S Ingleside Ave Chicago IL,19.10,0.38
2026-01-22,0x5fc96c182bb7e0413c08e8e03e9d7efc6cf0b099,0xc0d6b80fb7266f12cb1e3b6792efd0cfc406e241,RealToken S 19041 Lenore Ave Detroit MI,24.64,0.49
2026-01-22,0x5fc96c182bb7e0413c08e8e03e9d7efc6cf0b099,0x5846fc589dcf5de5683f8d031d57b61fbc63c562,Wrapped XDAI,5.40,5.40
2026-01-22,0x5fc96c182bb7e0413c08e8e03e9d7efc6cf0b099,0x5846fc589dcf5de5683f8d031d57b61fbc63c562,Wrapped XDAI,0.00,0.00
2026-01-22,0x5fc96c182bb7e0413c08e8e03e9d7efc6cf0b099,0x5846fc589dcf5de5683f8d031d57b61fbc63c562,Wrapped XDAI,0.00,0.00
2026-01-22,0x5fc96c182bb7e0413c08e8e03e9d7efc6cf0b099,0x5846fc589dcf5de5683f8d031d57b61fbc63c562,Wrapped XDAI,0.00,0.00
2026-01-22,0x5fc96c182bb7e0413c08e8e03e9d7efc6cf0b099,0x5846fc589dcf5de5683f8d031d57b61fbc63c562,RealToken S 3280 W Boston Blvd Detroit MI,1.11,0.02
2026-01-22,0x5fc96c182bb7e0413c08e8e03e9d7efc6cf0b099,0x6988e44ba9f48339071837a08cb92cc101ac30c8,RealToken S 16851-16881 Greenfield Rd Detroit MI,0.00,0.00
2026-01-22,0x5fc96c182bb7e0413c08e8e03e9d7efc6cf0b099,0x6988e44ba9f48339071837a08cb92cc101ac30c8,RealToken S 18980 Fenton St Detroit MI,0.00,0.00
2026-01-22,0x5fc96c182bb7e0413c08e8e03e9d7efc6cf0b099,0x6988e44ba9f48339071837a08cb92cc101ac30c8,RealToken S 13245 Monica St Detroit MI,102.71,2.00
2026-01-22,0x5fc96c182bb7e0413c08e8e03e9d7efc6cf0b099,0x6988e44ba9f48339071837a08cb92cc101ac30c8,RealToken S 1 Holdings Rohns St Detroit MI,168.95,3.00
2026-01-22,0x5fc96c182bb7e0413c08e8e03e9d7efc6cf0b099,0x6988e44ba9f48339071837a08cb92cc101ac30c8,RealToken S 3588 Oakman Blvd Detroit MI,100.41,2.00
2026-01-22,0x5fc96c182bb7e0413c08e8e03e9d7efc6cf0b099,0x6988e44ba9f48339071837a08cb92cc101ac30c8,RealToken S 3747 Scovel Pl Detroit MI,150.61,3.00
2026-01-22,0x5fc96c182bb7e0413c08e8e03e9d7efc6cf0b099,0x6988e44ba9f48339071837a08cb92cc101ac30c8,RealToken S 2703-2705 W Grand St Detroit MI,302.69,5.80
2026-01-22,0x5fc96c182bb7e0413c08e8e03e9d7efc6cf0b099,0x62122f8221b26bb3c942981fa2db4f60ece282fb,RealToken S 8065 Lost Shaker Ln Kissimmee FL,12.40,0.25
2026-01-22,0x5fc96c182bb7e0413c08e8e03e9d7efc6cf0b099,0x78b0810b89577cd2090cfd3d42e61f98601da18f,RealToken S 1389 Bird Ave Birmingham MI,0.00,0.00
2026-01-22,0x5fc96c182bb7e0413c08e8e03e9d7efc6cf0b099,0x78b0810b89577cd2090cfd3d42e61f98601da18f,RealToken S 15350 Greydale St Detroit MI,23.16,0.43
2026-01-22,0x5fc96c182bb7e0413c08e8e03e9d7efc6cf0b099,0x1a6bb174e428ec819fe800a493cb6b0ba6819ea1,RealToken S 1630 E State Fair Ave Detroit MI,5.72,0.11
2026-01-22,0x5fc96c182bb7e0413c08e8e03e9d7efc6cf0b099,0x1a6bb174e428ec819fe800a493cb6b0ba6819ea1,RealToken S 1630 E State Fair Ave Detroit MI,0.00,0.00
2026-01-22,0x5fc96c182bb7e0413c08e8e03e9d7efc6cf0b099,0x1a6bb174e428ec819fe800a493cb6b0ba6819ea1,RealToken S 19751 Marx St Highland Park MI,8.11,0.16
2026-01-22,0x5fc96c182bb7e0413c08e8e03e9d7efc6cf0b099,0x4245fbf228968ce8813331ccc63c2b96f5805ff6,RealToken S 618 E 79th St Chicago IL,0.33,0.01
2026-01-22,0x5fc96c182bb7e0413c08e8e03e9d7efc6cf0b099,0x9e48c1cdd88b1ef6fb295efbdd1654c3bae68759,Wrapped XDAI,1.49,1.49
2026-01-22,0x5fc96c182bb7e0413c08e8e03e9d7efc6cf0b099,0x48f7d45fa696dc89ff4f2233b25490455ae19dc2,Wrapped XDAI,2.04,2.04
2026-01-22,0x5fc96c182bb7e0413c08e8e03e9d7efc6cf0b099,0x49352b0e106f451d20eb981fb7e186a40245ef1c,RealToken S 19750 Marx St Highland Park MI,0.00,0.00
2026-01-22,0x5fc96c182bb7e0413c08e8e03e9d7efc6cf0b099,0x49352b0e106f451d20eb981fb7e186a40245ef1c,RealToken S 19000 Fenton St Detroit MI,0.00,0.00
2026-01-22,0x5fc96c182bb7e0413c08e8e03e9d7efc6cf0b099,0x49352b0e106f451d20eb981fb7e186a40245ef1c,RealToken S 13835 La Salle Blvd Detroit MI,23.94,0.48
2026-01-22,0x5fc96c182bb7e0413c08e8e03e9d7efc6cf0b099,0x7e29496ecc9c809affe9fcd482aa76bb01f7ab87,Wrapped XDAI,0.00,0.00
2026-01-22,0x5fc96c182bb7e0413c08e8e03e9d7efc6cf0b099,0x7e29496ecc9c809affe9fcd482aa76bb01f7ab87,Wrapped XDAI,0.00,0.00
2026-01-22,0x5fc96c182bb7e0413c08e8e03e9d7efc6cf0b099,0x7e29496ecc9c809affe9fcd482aa76bb01f7ab87,RealToken S 13245 Monica St Detroit MI,0.00,0.00
2026-01-22,0x5fc96c182bb7e0413c08e8e03e9d7efc6cf0b099,0x7e29496ecc9c809affe9fcd482aa76bb01f7ab87,RealToken S 1389 Bird Ave Birmingham MI,0.00,0.00
2026-01-22,0x5fc96c182bb7e0413c08e8e03e9d7efc6cf0b099,0x7e29496ecc9c809affe9fcd482aa76bb01f7ab87,RealToken S 10411-10421 Cadieux Rd Detroit MI,0.00,0.00
2026-01-22,0x5fc96c182bb7e0413c08e8e03e9d7efc6cf0b099,0x7e29496ecc9c809affe9fcd482aa76bb01f7ab87,RealToken S 2703-2705 W Grand St Detroit MI,0.00,0.00
2026-01-22,0x5fc96c182bb7e0413c08e8e03e9d7efc6cf0b099,0x7e29496ecc9c809affe9fcd482aa76bb01f7ab87,RealToken S 9415-9417 Ravenswood St Detroit MI,0.00,0.00
2026-01-22,0x5fc96c182bb7e0413c08e8e03e9d7efc6cf0b099,0x7e29496ecc9c809affe9fcd482aa76bb01f7ab87,RealToken S 11201 College St Detroit MI,0.00,0.00
2026-01-22,0x5fc96c182bb7e0413c08e8e03e9d7efc6cf0b099,0x7e29496ecc9c809affe9fcd482aa76bb01f7ab87,RealToken S 11078 Wayburn St Detroit MI,0.00,0.00
2026-01-22,0x5fc96c182bb7e0413c08e8e03e9d7efc6cf0b099,0x7e29496ecc9c809affe9fcd482aa76bb01f7ab87,RealToken S 14882 Troester St Detroit MI,0.00,0.00
2026-01-22,0x5fc96c182bb7e0413c08e8e03e9d7efc6cf0b099,0x7e29496ecc9c809affe9fcd482aa76bb01f7ab87,RealToken S 17809 Charest St Detroit MI,0.00,0.00
2026-01-22,0x5fc96c182bb7e0413c08e8e03e9d7efc6cf0b099,0x7e29496ecc9c809affe9fcd482aa76bb01f7ab87,RealToken S 14918 Joy Rd Detroit MI,0.00,0.00
2026-01-22,0x5fc96c182bb7e0413c08e8e03e9d7efc6cf0b099,0x7e29496ecc9c809affe9fcd482aa76bb01f7ab87,RealToken S 16851-16881 Greenfield Rd Detroit MI,0.00,0.00
2026-01-22,0x5fc96c182bb7e0413c08e8e03e9d7efc6cf0b099,0x7e29496ecc9c809affe9fcd482aa76bb01f7ab87,RealToken S 1907 Ottawa Dr Toledo OH,0.00,0.00
2026-01-22,0x5fc96c182bb7e0413c08e8e03e9d7efc6cf0b099,0x7e29496ecc9c809affe9fcd482aa76bb01f7ab87,RealToken S 1610 E State Fair Ave Detroit MI,0.00,0.00
2026-01-22,0x5fc96c182bb7e0413c08e8e03e9d7efc6cf0b099,0x7e29496ecc9c809affe9fcd482aa76bb01f7ab87,RealToken S 1630 E State Fair Ave Detroit MI,0.00,0.00
2026-01-22,0x5fc96c182bb7e0413c08e8e03e9d7efc6cf0b099,0x7e29496ecc9c809affe9fcd482aa76bb01f7ab87,RealToken S 18980 Fenton St Detroit MI,0.00,0.00
2026-01-22,0x5fc96c182bb7e0413c08e8e03e9d7efc6cf0b099,0x7e29496ecc9c809affe9fcd482aa76bb01f7ab87,RealToken S 19000 Fenton St Detroit MI,0.00,0.00
2026-01-22,0x5fc96c182bb7e0413c08e8e03e9d7efc6cf0b099,0x7e29496ecc9c809affe9fcd482aa76bb01f7ab87,RealToken S 19041 Lenore Ave Detroit MI,0.00,0.00
2026-01-22,0x5fc96c182bb7e0413c08e8e03e9d7efc6cf0b099,0x7e29496ecc9c809affe9fcd482aa76bb01f7ab87,RealToken S 13116 Kilbourne Ave Detroit MI,0.00,0.00
2026-01-22,0x5fc96c182bb7e0413c08e8e03e9d7efc6cf0b099,0x7e29496ecc9c809affe9fcd482aa76bb01f7ab87,RealToken S 17500 Evergreen Rd Detroit MI,0.00,0.00
2026-01-22,0x5fc96c182bb7e0413c08e8e03e9d7efc6cf0b099,0x7e29496ecc9c809affe9fcd482aa76bb01f7ab87,RealToken S 3510 Ewald Cir Detroit MI,0.00,0.00
2026-01-22,0x5fc96c182bb7e0413c08e8e03e9d7efc6cf0b099,0x7e29496ecc9c809affe9fcd482aa76bb01f7ab87,RealToken S 618 E 79th St Chicago IL,0.00,0.00
2026-01-22,0x5fc96c182bb7e0413c08e8e03e9d7efc6cf0b099,0x7e29496ecc9c809affe9fcd482aa76bb01f7ab87,RealToken S 8181 Bliss St Detroit MI,25.11,0.47
2026-01-22,0x5fc96c182bb7e0413c08e8e03e9d7efc6cf0b099,0x7e29496ecc9c809affe9fcd482aa76bb01f7ab87,RealToken S 618 E 79th St Chicago IL,0.00,0.00
2026-01-22,0x5fc96c182bb7e0413c08e8e03e9d7efc6cf0b099,0x7e29496ecc9c809affe9fcd482aa76bb01f7ab87,RealToken S 8181 Bliss St Detroit MI,0.00,0.00
2026-01-22,0x5fc96c182bb7e0413c08e8e03e9d7efc6cf0b099,0x7e29496ecc9c809affe9fcd482aa76bb01f7ab87,RealToken S 15350 Greydale St Detroit MI,39.94,0.73
2026-01-22,0x5fc96c182bb7e0413c08e8e03e9d7efc6cf0b099,0x7e29496ecc9c809affe9fcd482aa76bb01f7ab87,RealToken S 15350 Greydale St Detroit MI,0.00,0.00
2026-01-22,0x5fc96c182bb7e0413c08e8e03e9d7efc6cf0b099,0x7e29496ecc9c809affe9fcd482aa76bb01f7ab87,RealToken S 19751 Marx St Highland Park MI,51.19,1.01
2026-01-22,0x5fc96c182bb7e0413c08e8e03e9d7efc6cf0b099,0x7e29496ecc9c809affe9fcd482aa76bb01f7ab87,RealToken S 19751 Marx St Highland Park MI,0.00,0.00
2026-01-22,0x5fc96c182bb7e0413c08e8e03e9d7efc6cf0b099,0x7e29496ecc9c809affe9fcd482aa76bb01f7ab87,RealToken S 19750 Marx St Highland Park MI,17.57,0.35
2026-01-22,0x5fc96c182bb7e0413c08e8e03e9d7efc6cf0b099,0xe21c6a902de1804bda2abe45b1048c16517e2405,Wrapped XDAI,0.14,0.14
2026-01-22,0x5fc96c182bb7e0413c08e8e03e9d7efc6cf0b099,0x71d5919e7cf762a6b0913ed08f4315965e9c01a1,RealToken S 19751 Marx St Highland Park MI,0.00,0.00
2026-01-22,0x5fc96c182bb7e0413c08e8e03e9d7efc6cf0b099,0x71d5919e7cf762a6b0913ed08f4315965e9c01a1,RealToken S 19000 Fenton St Detroit MI,3.43,0.07
2026-01-22,0x5fc96c182bb7e0413c08e8e03e9d7efc6cf0b099,0x71d5919e7cf762a6b0913ed08f4315965e9c01a1,RealToken S 19000 Fenton St Detroit MI,0.00,0.00
2026-01-22,0x5fc96c182bb7e0413c08e8e03e9d7efc6cf0b099,0x71d5919e7cf762a6b0913ed08f4315965e9c01a1,RealToken S 3510 Ewald Cir Detroit MI,18.73,0.37
2026-01-22,0x5fc96c182bb7e0413c08e8e03e9d7efc6cf0b099,0x84ecf15af6fec307afeab934b46947967bc02d5f,Wrapped XDAI,0.00,0.00
2026-01-22,0x5fc96c182bb7e0413c08e8e03e9d7efc6cf0b099,0x84ecf15af6fec307afeab934b46947967bc02d5f,RealToken S 8065 Lost Shaker Ln Kissimmee FL,0.00,0.00
2026-01-22,0x5fc96c182bb7e0413c08e8e03e9d7efc6cf0b099,0x84ecf15af6fec307afeab934b46947967bc02d5f,Wrapped XDAI,0.00,0.00
2026-01-22,0x5fc96c182bb7e0413c08e8e03e9d7efc6cf0b099,0x84ecf15af6fec307afeab934b46947967bc02d5f,RealToken S 19000 Fenton St Detroit MI,50.07,1.00
2026-01-22,0x5fc96c182bb7e0413c08e8e03e9d7efc6cf0b099,0x84ecf15af6fec307afeab934b46947967bc02d5f,RealToken S 1610 E State Fair Ave Detroit MI,28.62,0.57
2026-01-22,0x5fc96c182bb7e0413c08e8e03e9d7efc6cf0b099,0x263c03f9fe227d3529a99ddbe6ae0b098c894ba6,RealToken S 16851-16881 Greenfield Rd Detroit MI,0.00,0.00
2026-01-22,0x5fc96c182bb7e0413c08e8e03e9d7efc6cf0b099,0x263c03f9fe227d3529a99ddbe6ae0b098c894ba6,RealToken S 10411-10421 Cadieux Rd Detroit MI,2.27,0.05
2026-01-22,0x5fc96c182bb7e0413c08e8e03e9d7efc6cf0b099,0x0fcaf922a7f33201f5caf3b87e5ecb9b994c6a2a,RealToken S 18980 Fenton St Detroit MI,38.75,0.77
2026-01-22,0x5fc96c182bb7e0413c08e8e03e9d7efc6cf0b099,0x0fcaf922a7f33201f5caf3b87e5ecb9b994c6a2a,RealToken S 18980 Fenton St Detroit MI,0.00,0.00
2026-01-22,0x5fc96c182bb7e0413c08e8e03e9d7efc6cf0b099,0x0fcaf922a7f33201f5caf3b87e5ecb9b994c6a2a,RealToken S 1630 E State Fair Ave Detroit MI,108.95,2.18
2026-01-22,0x5fc96c182bb7e0413c08e8e03e9d7efc6cf0b099,0xb4a4b7c8d9fe72db1ab749620e50bdc21bf3c78f,RealToken S 1630 E State Fair Ave Detroit MI,0.00,0.00
2026-01-22,0x5fc96c182bb7e0413c08e8e03e9d7efc6cf0b099,0xb4a4b7c8d9fe72db1ab749620e50bdc21bf3c78f,RealToken S 18980 Fenton St Detroit MI,11.94,0.24
2026-01-22,0x5fc96c182bb7e0413c08e8e03e9d7efc6cf0b099,0xb4a4b7c8d9fe72db1ab749620e50bdc21bf3c78f,RealToken S 19751 Marx St Highland Park MI,14.40,0.28
2026-01-22,0x5fc96c182bb7e0413c08e8e03e9d7efc6cf0b099,0x4fd8c314d986ee5f6e706bd5aa99e64933fe80db,RealToken S 13245 Monica St Detroit MI,51.36,1.00
2026-01-22,0x5fc96c182bb7e0413c08e8e03e9d7efc6cf0b099,0x4fd8c314d986ee5f6e706bd5aa99e64933fe80db,RealToken S 1521-1523 S.Drake Ave Chicago IL,66.11,1.32
2026-01-22,0x5fc96c182bb7e0413c08e8e03e9d7efc6cf0b099,0xdc08e5c6cc90e95f3ebc11afdbaf717a29032c72,RealToken S 10040 Cadieux Rd Detroit MI,0.00,0.00
2026-01-22,0x5fc96c182bb7e0413c08e8e03e9d7efc6cf0b099,0xdc08e5c6cc90e95f3ebc11afdbaf717a29032c72,RealToken S 3510 Ewald Cir Detroit MI,19.64,0.39
2026-01-22,0x5fc96c182bb7e0413c08e8e03e9d7efc6cf0b099,0x8f982a85a218a69dd8ddef2bf5e9b98f0913c0b6,RealToken S 13445 Tacoma St Detroit MI,5.31,0.10
2026-01-22,0x5fc96c182bb7e0413c08e8e03e9d7efc6cf0b099,0xa432abad51f52abf614947d8d5ce37801884706f,Wrapped XDAI,3.63,3.63
2026-01-22,0x5fc96c182bb7e0413c08e8e03e9d7efc6cf0b099,0xa432abad51f52abf614947d8d5ce37801884706f,RealToken S 13835 La Salle Blvd Detroit MI,76.94,1.53
2026-01-22,0x5fc96c182bb7e0413c08e8e03e9d7efc6cf0b099,0xaf308d1df7463866b53a6904faee21c3b4b77d0e,RealToken S 1521-1523 S.Drake Ave Chicago IL,99.93,2.00
2026-01-22,0x5fc96c182bb7e0413c08e8e03e9d7efc6cf0b099,0xaf308d1df7463866b53a6904faee21c3b4b77d0e,RealToken S 1389 Bird Ave Birmingham MI,263.78,5.00
2026-01-22,0x5fc96c182bb7e0413c08e8e03e9d7efc6cf0b099,0xaf308d1df7463866b53a6904faee21c3b4b77d0e,RealToken S 8060 Dreamsicle Dr Kissimmee FL,63.23,1.24
2026-01-22,0x5fc96c182bb7e0413c08e8e03e9d7efc6cf0b099,0x39cf1088be8cac564e8569b69d254fda5c4b94b9,RealToken S 9415-9417 Ravenswood St Detroit MI,14.12,0.26
2026-01-22,0x5fc96c182bb7e0413c08e8e03e9d7efc6cf0b099,0x39cf1088be8cac564e8569b69d254fda5c4b94b9,RealToken S 2703-2705 W Grand St Detroit MI,13.61,0.26
2026-01-22,0x5fc96c182bb7e0413c08e8e03e9d7efc6cf0b099,0x9c3b04f3f7e5e3884b7cb8e8d2bcd0d1bef5953f,RealToken S 19751 Marx St Highland Park MI,0.00,0.00
2026-01-22,0x5fc96c182bb7e0413c08e8e03e9d7efc6cf0b099,0x9c3b04f3f7e5e3884b7cb8e8d2bcd0d1bef5953f,RealToken S 19000 Fenton St Detroit MI,0.00,0.00
2026-01-22,0x5fc96c182bb7e0413c08e8e03e9d7efc6cf0b099,0x9c3b04f3f7e5e3884b7cb8e8d2bcd0d1bef5953f,RealToken S 1630 E State Fair Ave Detroit MI,29.21,0.58
2026-01-22,0x5fc96c182bb7e0413c08e8e03e9d7efc6cf0b099,0x9c3b04f3f7e5e3884b7cb8e8d2bcd0d1bef5953f,RealToken S 19750 Marx St Highland Park MI,50.33,1.00
2026-01-22,0x5fc96c182bb7e0413c08e8e03e9d7efc6cf0b099,0x9c3b04f3f7e5e3884b7cb8e8d2bcd0d1bef5953f,RealToken S 10411-10421 Cadieux Rd Detroit MI,20.82,0.41
2026-01-22,0x5fc96c182bb7e0413c08e8e03e9d7efc6cf0b099,0x08894d75106cbd412de6fd19c658b145ea1f0beb,RealToken S 8065 Lost Shaker Ln Kissimmee FL,3.45,0.07
2026-01-22,0x5fc96c182bb7e0413c08e8e03e9d7efc6cf0b099,0xac31bc0026a2ffbb363b7908a2d71aa1ba699c86,RealToken S 19041 Lenore Ave Detroit MI,251.38,5.00
2026-01-22,0x5fc96c182bb7e0413c08e8e03e9d7efc6cf0b099,0xac31bc0026a2ffbb363b7908a2d71aa1ba699c86,RealToken S 18980 Fenton St Detroit MI,251.33,5.00
2026-01-22,0x5fc96c182bb7e0413c08e8e03e9d7efc6cf0b099,0xac31bc0026a2ffbb363b7908a2d71aa1ba699c86,RealToken S 1610 E State Fair Ave Detroit MI,503.25,10.00
2026-01-22,0x5fc96c182bb7e0413c08e8e03e9d7efc6cf0b099,0xac31bc0026a2ffbb363b7908a2d71aa1ba699c86,RealToken S 19750 Marx St Highland Park MI,150.18,2.98
2026-01-22,0x5fc96c182bb7e0413c08e8e03e9d7efc6cf0b099,0x5ab5fec14803a941e78afe7cd2554a05da250383,Wrapped XDAI,39.77,39.77
2026-01-22,0x5fc96c182bb7e0413c08e8e03e9d7efc6cf0b099,0x5ab5fec14803a941e78afe7cd2554a05da250383,RealToken S 13835 La Salle Blvd Detroit MI,50.16,1.00
2026-01-22,0x5fc96c182bb7e0413c08e8e03e9d7efc6cf0b099,0x5ab5fec14803a941e78afe7cd2554a05da250383,RealToken S 10411-10421 Cadieux Rd Detroit MI,17.46,0.35
2026-01-22,0x5fc96c182bb7e0413c08e8e03e9d7efc6cf0b099,0x50385195e739d6ece2ff0e1099d902a38984cddc,RealToken S 19000 Fenton St Detroit MI,130.42,2.60
2026-01-22,0x5fc96c182bb7e0413c08e8e03e9d7efc6cf0b099,0x897ddf5898a2d91c6fbbf158a5b8d3db76b03dae,Wrapped XDAI,0.00,0.00
2026-01-22,0x5fc96c182bb7e0413c08e8e03e9d7efc6cf0b099,0x897ddf5898a2d91c6fbbf158a5b8d3db76b03dae,RealToken S 8003 S Ingleside Ave Chicago IL,0.00,0.00
2026-01-22,0x5fc96c182bb7e0413c08e8e03e9d7efc6cf0b099,0x897ddf5898a2d91c6fbbf158a5b8d3db76b03dae,RealToken S 1 Holdings Rohns St Detroit MI,0.00,0.00
2026-01-22,0x5fc96c182bb7e0413c08e8e03e9d7efc6cf0b099,0x897ddf5898a2d91c6fbbf158a5b8d3db76b03dae,RealToken S 14882 Troester St Detroit MI,12.83,0.24
2026-01-22,0x5fc96c182bb7e0413c08e8e03e9d7efc6cf0b099,0x897ddf5898a2d91c6fbbf158a5b8d3db76b03dae,RealToken S 15930 Monica St Detroit MI,35.21,0.69
2026-01-22,0x5fc96c182bb7e0413c08e8e03e9d7efc6cf0b099,0xdf5ab1450a7b79b6eac61a9aa10903543749ec19,RealToken S 16851-16881 Greenfield Rd Detroit MI,22.82,0.45
2026-01-22,0x5fc96c182bb7e0413c08e8e03e9d7efc6cf0b099,0x1624d672020b1f294ea448c12388eb90b6804b8f,RealToken S 19751 Marx St Highland Park MI,0.00,0.00
2026-01-22,0x5fc96c182bb7e0413c08e8e03e9d7efc6cf0b099,0x1624d672020b1f294ea448c12388eb90b6804b8f,RealToken S 19000 Fenton St Detroit MI,0.00,0.00
2026-01-22,0x5fc96c182bb7e0413c08e8e03e9d7efc6cf0b099,0x1624d672020b1f294ea448c12388eb90b6804b8f,RealToken S 19041 Lenore Ave Detroit MI,0.00,0.00
2026-01-22,0x5fc96c182bb7e0413c08e8e03e9d7efc6cf0b099,0x1624d672020b1f294ea448c12388eb90b6804b8f,RealToken S 8003 S Ingleside Ave Chicago IL,0.00,0.00
2026-01-22,0x5fc96c182bb7e0413c08e8e03e9d7efc6cf0b099,0x1624d672020b1f294ea448c12388eb90b6804b8f,RealToken S 13835 La Salle Blvd Detroit MI,200.62,4.00
2026-01-22,0x5fc96c182bb7e0413c08e8e03e9d7efc6cf0b099,0x1624d672020b1f294ea448c12388eb90b6804b8f,RealToken S 16851-16881 Greenfield Rd Detroit MI,103.96,2.04
2026-01-22,0x5fc96c182bb7e0413c08e8e03e9d7efc6cf0b099,0xcb68ec71201d8e35d177a267cf4e52a9ee972ecb,Wrapped XDAI,0.00,0.00
2026-01-22,0x5fc96c182bb7e0413c08e8e03e9d7efc6cf0b099,0xcb68ec71201d8e35d177a267cf4e52a9ee972ecb,RealToken S 19751 Marx St Highland Park MI,9.48,0.19
2026-01-22,0x5fc96c182bb7e0413c08e8e03e9d7efc6cf0b099,0x1de6800d6c2d2430edee2b52c49dcf89dfb84374,RealToken S 19751 Marx St Highland Park MI,0.05,0.00
2026-01-22,0x5fc96c182bb7e0413c08e8e03e9d7efc6cf0b099,0x1de6800d6c2d2430edee2b52c49dcf89dfb84374,RealToken S 13835 La Salle Blvd Detroit MI,17.69,0.35
2026-01-22,0x5fc96c182bb7e0413c08e8e03e9d7efc6cf0b099,0x595dd36e8876504b1429bc2d9522e59d5871da1d,RealToken S 1389 Bird Ave Birmingham MI,0.00,0.00
2026-01-22,0x5fc96c182bb7e0413c08e8e03e9d7efc6cf0b099,0x595dd36e8876504b1429bc2d9522e59d5871da1d,RealToken S 618 E 79th St Chicago IL,36.88,0.73
2026-01-22,0x5fc96c182bb7e0413c08e8e03e9d7efc6cf0b099,0x1e7abd6f6e9d817469f0eb5805226257a816e0d4,RealToken S 20160 Conant St Detroit MI,0.00,0.00
2026-01-22,0x5fc96c182bb7e0413c08e8e03e9d7efc6cf0b099,0x1e7abd6f6e9d817469f0eb5805226257a816e0d4,RealToken S 13245 Monica St Detroit MI,0.00,0.00
2026-01-22,0x5fc96c182bb7e0413c08e8e03e9d7efc6cf0b099,0x1e7abd6f6e9d817469f0eb5805226257a816e0d4,RealToken S 17500 Evergreen Rd Detroit MI,11.20,0.20
2026-01-22,0x5fc96c182bb7e0413c08e8e03e9d7efc6cf0b099,0x5d7b1b69fde93c0ea1c0a06d8e5ab32ba8bd89ac,RealToken S 20160 Conant St Detroit MI,51.91,1.00
2026-01-22,0x5fc96c182bb7e0413c08e8e03e9d7efc6cf0b099,0x5d7b1b69fde93c0ea1c0a06d8e5ab32ba8bd89ac,RealToken S 8060 Dreamsicle Dr Kissimmee FL,406.44,8.00
2026-01-22,0x5fc96c182bb7e0413c08e8e03e9d7efc6cf0b099,0x5d7b1b69fde93c0ea1c0a06d8e5ab32ba8bd89ac,RealToken S 12405 Santa Rosa Dr Detroit MI,505.25,10.00
2026-01-22,0x5fc96c182bb7e0413c08e8e03e9d7efc6cf0b099,0x5d7b1b69fde93c0ea1c0a06d8e5ab32ba8bd89ac,RealToken S 14918 Joy Rd Detroit MI,593.46,12.00
2026-01-22,0x5fc96c182bb7e0413c08e8e03e9d7efc6cf0b099,0x5d7b1b69fde93c0ea1c0a06d8e5ab32ba8bd89ac,RealToken S 3510 Ewald Cir Detroit MI,"1,954.10",39.00
2026-01-22,0x5fc96c182bb7e0413c08e8e03e9d7efc6cf0b099,0x5d7b1b69fde93c0ea1c0a06d8e5ab32ba8bd89ac,RealToken S 19041 Lenore Ave Detroit MI,434.61,8.64
2026-01-22,0x5fc96c182bb7e0413c08e8e03e9d7efc6cf0b099,0xeb3e5ece649183bba1cf5c2a7100fc219d4a9799,RealToken S 14918 Joy Rd Detroit MI,6.30,0.13
2026-01-22,0x5fc96c182bb7e0413c08e8e03e9d7efc6cf0b099,0x88ea1e60ac053f32b7bd2cf79e1840fcb69d9b81,RealToken S 18980 Fenton St Detroit MI,73.59,1.46
2026-01-22,0x5fc96c182bb7e0413c08e8e03e9d7efc6cf0b099,0x3b99fe279c67920c1236beeaaea82ca699911b66,Wrapped XDAI,23.05,23.05
2026-01-22,0x5fc96c182bb7e0413c08e8e03e9d7efc6cf0b099,0xc799ffc24c2bbeb2c64336e6d0dfc2381d695e75,RealToken S 14918 Joy Rd Detroit MI,18.04,0.36
2026-01-22,0x5fc96c182bb7e0413c08e8e03e9d7efc6cf0b099,0xbfa191b10798dae24ce4a88d4dbe557e753367d4,RealToken S 10411-10421 Cadieux Rd Detroit MI,0.00,0.00
2026-01-22,0x5fc96c182bb7e0413c08e8e03e9d7efc6cf0b099,0xbfa191b10798dae24ce4a88d4dbe557e753367d4,RealToken S 13835 La Salle Blvd Detroit MI,4.50,0.09
2026-01-22,0x5fc96c182bb7e0413c08e8e03e9d7efc6cf0b099,0x433dd11e3f2c6c6619c729fd78c1ed7042ec5f1e,RealToken S 19751 Marx St Highland Park MI,4.80,0.09
2026-01-22,0x5fc96c182bb7e0413c08e8e03e9d7efc6cf0b099,0x6adce7c7378a70ba4876e462079fc75460af0012,Wrapped XDAI,0.47,0.47
2026-01-22,0x5fc96c182bb7e0413c08e8e03e9d7efc6cf0b099,0xc190f98fc7d04971a632b759e066503a455b1e20,RealToken S 1521-1523 S.Drake Ave Chicago IL,2.82,0.06
2026-01-22,0x5fc96c182bb7e0413c08e8e03e9d7efc6cf0b099,0xfc5867e29a4af3b6be6f6613a69f2e56004f1794,RealToken S 8003 S Ingleside Ave Chicago IL,4.38,0.09
2026-01-22,0x5fc96c182bb7e0413c08e8e03e9d7efc6cf0b099,0x835c3e4296fd0cdfa139ed6702e6cd5869bed999,RealToken S 13835 La Salle Blvd Detroit MI,1.06,0.02
2026-01-22,0x5fc96c182bb7e0413c08e8e03e9d7efc6cf0b099,0x5c600a0b2db9a362aa3b1a0ea92db61550744d39,RealToken S 3510 Ewald Cir Detroit MI,0.00,0.00
2026-01-22,0x5fc96c182bb7e0413c08e8e03e9d7efc6cf0b099,0x5c600a0b2db9a362aa3b1a0ea92db61550744d39,RealToken S 618 E 79th St Chicago IL,5.02,0.10
2026-01-22,0x5fc96c182bb7e0413c08e8e03e9d7efc6cf0b099,0x8a2b27f0ca6ddab1f80065ebd2ac29588d8ad211,Wrapped XDAI,0.00,0.00
2026-01-22,0x5fc96c182bb7e0413c08e8e03e9d7efc6cf0b099,0x8a2b27f0ca6ddab1f80065ebd2ac29588d8ad211,RealToken S 1 Holdings Belvidere St Detroit MI,31.47,0.58
2026-01-22,0x5fc96c182bb7e0413c08e8e03e9d7efc6cf0b099,0xf1d049c3fc9e5a385c61977a262b602948a21282,RealToken S 8181 Bliss St Detroit MI,0.00,0.00
2026-01-22,0x5fc96c182bb7e0413c08e8e03e9d7efc6cf0b099,0xf1d049c3fc9e5a385c61977a262b602948a21282,RealToken S 15860 Hartwell St Detroit MI,0.89,0.02
2026-01-22,0x5fc96c182bb7e0413c08e8e03e9d7efc6cf0b099,0xf1d049c3fc9e5a385c61977a262b602948a21282,RealToken S 12866 Lauder St Detroit MI,15.53,0.29
2026-01-22,0x5fc96c182bb7e0413c08e8e03e9d7efc6cf0b099,0x47b6e382b42cb3047b55222586b581f8e4a2249e,Wrapped XDAI,26.67,26.67
2026-01-22,0x5fc96c182bb7e0413c08e8e03e9d7efc6cf0b099,0xd21d3fd5cd1e7bb22947338f7f4099b89e33bf09,RealToken S 17809 Charest St Detroit MI,27.43,0.49
2026-01-22,0x5fc96c182bb7e0413c08e8e03e9d7efc6cf0b099,0x530995a2492f3e3060b45ec684158375ef78f809,RealToken S 19751 Marx St Highland Park MI,7.02,0.14
2026-01-22,0x5fc96c182bb7e0413c08e8e03e9d7efc6cf0b099,0x9c643c0ac58fd8eb27527829da07f29ab6e892ae,RealToken S 19000 Fenton St Detroit MI,106.72,2.13
2026-01-22,0x5fc96c182bb7e0413c08e8e03e9d7efc6cf0b099,0xae7cc278486f879240dc79a128093f351460ffb3,Wrapped XDAI,1.48,1.48
2026-01-22,0x5fc96c182bb7e0413c08e8e03e9d7efc6cf0b099,0xfce599e564d8af6ac7c93cb1835d370cd44330a5,Wrapped XDAI,0.12,0.12
2026-01-22,0x5fc96c182bb7e0413c08e8e03e9d7efc6cf0b099,0xe2e5034c1f4c1cba6489db7b22615f0320b44bc3,RealToken S 13445 Tacoma St Detroit MI,148.34,2.82
2026-01-22,0x5fc96c182bb7e0413c08e8e03e9d7efc6cf0b099,0x1ceb00630377aa16074bcb4de0760631fac53480,Wrapped XDAI,2.78,2.78
2026-01-22,0x5fc96c182bb7e0413c08e8e03e9d7efc6cf0b099,0x1ceb00630377aa16074bcb4de0760631fac53480,RealToken S 618 E 79th St Chicago IL,2.01,0.04
2026-01-22,0x5fc96c182bb7e0413c08e8e03e9d7efc6cf0b099,0x0b46dbd7a8f8666ff500f8311e92a9d609634372,RealToken S 1630 E State Fair Ave Detroit MI,139.94,2.79
2026-01-22,0x5fc96c182bb7e0413c08e8e03e9d7efc6cf0b099,0x22620537911f3d615e5856018fb92fa36e5991cf,Wrapped XDAI,27.40,27.40
2026-01-22,0x5fc96c182bb7e0413c08e8e03e9d7efc6cf0b099,0x22620537911f3d615e5856018fb92fa36e5991cf,RealToken S 19000 Fenton St Detroit MI,26.72,0.53
2026-01-22,0x5fc96c182bb7e0413c08e8e03e9d7efc6cf0b099,0x16d56e22268eae7d4ec11506a152b5a7fc7ad69b,Wrapped XDAI,19.86,19.86
2026-01-22,0x5fc96c182bb7e0413c08e8e03e9d7efc6cf0b099,0xc25d79fc4970479b88068ce8891ed9be5799210d,Wrapped XDAI,0.05,0.05
2026-01-22,0x5fc96c182bb7e0413c08e8e03e9d7efc6cf0b099,0x1da85a0625e2576b434eca1fde155558e5078d2a,RealToken S 8060 Dreamsicle Dr Kissimmee FL,84.57,1.66
2026-01-22,0x5fc96c182bb7e0413c08e8e03e9d7efc6cf0b099,0x1afe90a9b1e1b25d89921ef6c81d41de6dafd759,RealToken S 1521-1523 S.Drake Ave Chicago IL,99.93,2.00
2026-01-22,0x5fc96c182bb7e0413c08e8e03e9d7efc6cf0b099,0x1afe90a9b1e1b25d89921ef6c81d41de6dafd759,RealToken S 14918 Joy Rd Detroit MI,131.89,2.67
2026-01-22,0x5fc96c182bb7e0413c08e8e03e9d7efc6cf0b099,0xa117643e4d9473ef8056573c693c83db63e2f555,Wrapped XDAI,0.39,0.39
2026-01-22,0x5fc96c182bb7e0413c08e8e03e9d7efc6cf0b099,0xa117643e4d9473ef8056573c693c83db63e2f555,RealToken S 8003 S Ingleside Ave Chicago IL,33.66,0.66
2026-01-22,0x5fc96c182bb7e0413c08e8e03e9d7efc6cf0b099,0x594263ae7003727665a452ada1fccb43a788d576,Wrapped XDAI,27.31,27.31
2026-01-22,0x5fc96c182bb7e0413c08e8e03e9d7efc6cf0b099,0x594263ae7003727665a452ada1fccb43a788d576,RealToken S 1389 Bird Ave Birmingham MI,58.12,1.10
2026-01-22,0x5fc96c182bb7e0413c08e8e03e9d7efc6cf0b099,0x594263ae7003727665a452ada1fccb43a788d576,RealToken S 8060 Dreamsicle Dr Kissimmee FL,101.61,2.00
2026-01-22,0x5fc96c182bb7e0413c08e8e03e9d7efc6cf0b099,0x594263ae7003727665a452ada1fccb43a788d576,RealToken S 8065 Lost Shaker Ln Kissimmee FL,50.57,1.00
2026-01-22,0x5fc96c182bb7e0413c08e8e03e9d7efc6cf0b099,0x594263ae7003727665a452ada1fccb43a788d576,RealToken S 13245 Monica St Detroit MI,410.84,8.00
2026-01-22,0x5fc96c182bb7e0413c08e8e03e9d7efc6cf0b099,0x1d7b1bf250226d5b75689c38de64eb5213271782,Wrapped XDAI,0.00,0.00
2026-01-22,0x5fc96c182bb7e0413c08e8e03e9d7efc6cf0b099,0x1d7b1bf250226d5b75689c38de64eb5213271782,RealToken S 1521-1523 S.Drake Ave Chicago IL,99.93,2.00
2026-01-22,0x5fc96c182bb7e0413c08e8e03e9d7efc6cf0b099,0x1d7b1bf250226d5b75689c38de64eb5213271782,RealToken S 14918 Joy Rd Detroit MI,77.72,1.57
2026-01-22,0x5fc96c182bb7e0413c08e8e03e9d7efc6cf0b099,0x594263ae7003727665a452ada1fccb43a788d576,RealToken S 20160 Conant St Detroit MI,51.91,1.00
2026-01-22,0x5fc96c182bb7e0413c08e8e03e9d7efc6cf0b099,0xc45956bf16313c56749d25a54354eda8bebd23cf,RealToken S 618 E 79th St Chicago IL,152.54,3.00
2026-01-22,0x5fc96c182bb7e0413c08e8e03e9d7efc6cf0b099,0xc45956bf16313c56749d25a54354eda8bebd23cf,RealToken S 8003 S Ingleside Ave Chicago IL,83.27,1.64
2026-01-22,0x5fc96c182bb7e0413c08e8e03e9d7efc6cf0b099,0x201cd39344d0682a36a28f9354029ce6f4b23197,Wrapped XDAI,0.98,0.98
2026-01-22,0x5fc96c182bb7e0413c08e8e03e9d7efc6cf0b099,0x201cd39344d0682a36a28f9354029ce6f4b23197,RealToken S 1389 Bird Ave Birmingham MI,0.07,0.00
2026-01-22,0x5fc96c182bb7e0413c08e8e03e9d7efc6cf0b099,0x201cd39344d0682a36a28f9354029ce6f4b23197,RealToken S 1521-1523 S.Drake Ave Chicago IL,18.17,0.36
2026-01-22,0x5fc96c182bb7e0413c08e8e03e9d7efc6cf0b099,0x27b6d3610012461ec0aa3e4bb7155767d77f564f,RealToken S 19750 Marx St Highland Park MI,251.63,5.00
2026-01-22,0x5fc96c182bb7e0413c08e8e03e9d7efc6cf0b099,0x27b6d3610012461ec0aa3e4bb7155767d77f564f,RealToken S 19751 Marx St Highland Park MI,412.63,8.13
2026-01-22,0x5fc96c182bb7e0413c08e8e03e9d7efc6cf0b099,0x4acb6915188d336fb9851fe969864857a9447520,Wrapped XDAI,33.20,33.20
2026-01-22,0x5fc96c182bb7e0413c08e8e03e9d7efc6cf0b099,0x4acb6915188d336fb9851fe969864857a9447520,RealToken S 1389 Bird Ave Birmingham MI,22.80,0.43
2026-01-22,0x5fc96c182bb7e0413c08e8e03e9d7efc6cf0b099,0x6013312d6c67bfe5a4c5f00b5efbad0f96ee3036,RealToken S 10411-10421 Cadieux Rd Detroit MI,100.55,2.00
2026-01-22,0x5fc96c182bb7e0413c08e8e03e9d7efc6cf0b099,0xa7f5ef52d840665ebfd5099c8e0bc0f482a50d31,RealToken S 1389 Bird Ave Birmingham MI,0.06,0.00
2026-01-22,0x5fc96c182bb7e0413c08e8e03e9d7efc6cf0b099,0xa0081821a848ed719342bdd5a0ec187539a7f12a,RealToken S 19333 Moenart St Detroit MI,0.75,0.01
2026-01-22,0x5fc96c182bb7e0413c08e8e03e9d7efc6cf0b099,0x1dc26d2805a67fd586293ccffff8090508741fbb,RealToken S 19751 Marx St Highland Park MI,50.73,1.00
2026-01-22,0x5fc96c182bb7e0413c08e8e03e9d7efc6cf0b099,0x1dc26d2805a67fd586293ccffff8090508741fbb,RealToken S 19750 Marx St Highland Park MI,37.97,0.75
2026-01-22,0x5fc96c182bb7e0413c08e8e03e9d7efc6cf0b099,0x65ed58553e1f5f2bd027bd77887275e521dc2b65,RealToken S 1521-1523 S.Drake Ave Chicago IL,113.70,2.28
2026-01-22,0x5fc96c182bb7e0413c08e8e03e9d7efc6cf0b099,0xe91f6c9e2bd0e9a390e0a16161a035423dda318c,RealToken S 13628 Tacoma St Detroit MI,50.63,1.00
2026-01-22,0x5fc96c182bb7e0413c08e8e03e9d7efc6cf0b099,0xe91f6c9e2bd0e9a390e0a16161a035423dda318c,RealToken S 1 Holdings Rohns St Detroit MI,112.63,2.00
2026-01-22,0x5fc96c182bb7e0413c08e8e03e9d7efc6cf0b099,0xe91f6c9e2bd0e9a390e0a16161a035423dda318c,RealToken S 8065 Lost Shaker Ln Kissimmee FL,101.13,2.00
2026-01-22,0x5fc96c182bb7e0413c08e8e03e9d7efc6cf0b099,0xe91f6c9e2bd0e9a390e0a16161a035423dda318c,Wrapped XDAI,271.50,271.50
2026-01-22,0x5fc96c182bb7e0413c08e8e03e9d7efc6cf0b099,0xa80afa236564a13db1010b3a1242c33afef437dd,RealToken S 1521-1523 S.Drake Ave Chicago IL,111.21,2.23
2026-01-22,0x5fc96c182bb7e0413c08e8e03e9d7efc6cf0b099,0xae711c43d0e7378991a2b9e0136adb8492e6fefa,RealToken S 19750 Marx St Highland Park MI,100.65,2.00
2026-01-22,0x5fc96c182bb7e0413c08e8e03e9d7efc6cf0b099,0xae711c43d0e7378991a2b9e0136adb8492e6fefa,RealToken S 19000 Fenton St Detroit MI,100.15,2.00
2026-01-22,0x5fc96c182bb7e0413c08e8e03e9d7efc6cf0b099,0xae711c43d0e7378991a2b9e0136adb8492e6fefa,RealToken S 18980 Fenton St Detroit MI,15.99,0.32
2026-01-22,0x5fc96c182bb7e0413c08e8e03e9d7efc6cf0b099,0x9bf31b6be8109a48212c8d34e4e1ef5a468709a6,RealToken S 1610 E State Fair Ave Detroit MI,50.33,1.00
2026-01-22,0x5fc96c182bb7e0413c08e8e03e9d7efc6cf0b099,0x9bf31b6be8109a48212c8d34e4e1ef5a468709a6,RealToken S 1389 Bird Ave Birmingham MI,550.55,10.44
2026-01-22,0x5fc96c182bb7e0413c08e8e03e9d7efc6cf0b099,0x9bf31b6be8109a48212c8d34e4e1ef5a468709a6,RealToken S 8003 S Ingleside Ave Chicago IL,30.15,0.60
2026-01-22,0x5fc96c182bb7e0413c08e8e03e9d7efc6cf0b099,0x3aba28ac415765bffa315f499c642020587f83a1,Wrapped XDAI,32.32,32.32
2026-01-22,0x5fc96c182bb7e0413c08e8e03e9d7efc6cf0b099,0x3aba28ac415765bffa315f499c642020587f83a1,RealToken S 1 Holdings Holcomb St Detroit MI,70.87,1.22
2026-01-22,0x5fc96c182bb7e0413c08e8e03e9d7efc6cf0b099,0xa551a838d5bec531d770ce35d8b6fdccd19187d9,RealToken S 1389 Bird Ave Birmingham MI,511.64,9.70
2026-01-22,0x5fc96c182bb7e0413c08e8e03e9d7efc6cf0b099,0xdb6b6fc9386e5f4292ecf10929d125b9cd20179e,Wrapped XDAI,0.00,0.00
2026-01-22,0x5fc96c182bb7e0413c08e8e03e9d7efc6cf0b099,0x6a87b6ca2c9a3eb6611933a2d5f484eee90237b3,RealToken S 1521-1523 S.Drake Ave Chicago IL,116.95,2.34
2026-01-22,0x5fc96c182bb7e0413c08e8e03e9d7efc6cf0b099,0xc9b9f7489185ab8cc486f0124e957fe6bc73f599,RealToken S 8065 Lost Shaker Ln Kissimmee FL,228.32,4.52
2026-01-22,0x5fc96c182bb7e0413c08e8e03e9d7efc6cf0b099,0x49bc74c8d1da2bd395cf0368ad62830667e7ae5f,RealToken S 1389 Bird Ave Birmingham MI,15.18,0.29
2026-01-22,0x5fc96c182bb7e0413c08e8e03e9d7efc6cf0b099,0x49bc74c8d1da2bd395cf0368ad62830667e7ae5f,RealToken S 15350 Greydale St Detroit MI,9.64,0.18
2026-01-22,0x5fc96c182bb7e0413c08e8e03e9d7efc6cf0b099,0x49bc74c8d1da2bd395cf0368ad62830667e7ae5f,RealToken S 14882 Troester St Detroit MI,108.45,2.00
2026-01-22,0x5fc96c182bb7e0413c08e8e03e9d7efc6cf0b099,0x49bc74c8d1da2bd395cf0368ad62830667e7ae5f,RealToken S 3747 Scovel Pl Detroit MI,58.63,1.17
2026-01-22,0x5fc96c182bb7e0413c08e8e03e9d7efc6cf0b099,0xda69f5aca1143023bd82cd3365fdf3e69677e900,RealToken S 19751 Marx St Highland Park MI,50.73,1.00
2026-01-22,0x5fc96c182bb7e0413c08e8e03e9d7efc6cf0b099,0xda69f5aca1143023bd82cd3365fdf3e69677e900,RealToken S 1630 E State Fair Ave Detroit MI,100.15,2.00
2026-01-22,0x5fc96c182bb7e0413c08e8e03e9d7efc6cf0b099,0xda69f5aca1143023bd82cd3365fdf3e69677e900,RealToken S 19750 Marx St Highland Park MI,4.14,0.08
2026-01-22,0x5fc96c182bb7e0413c08e8e03e9d7efc6cf0b099,0xcc4f660155d0b35aa6bbc71f71b3f3722e01f19d,RealToken S 10617 Hathaway Ave Cleveland OH,"1,947.55",36.04
2026-01-22,0x5fc96c182bb7e0413c08e8e03e9d7efc6cf0b099,0x766244cb75d011c1f9afbdb3284970a81f2e88cd,Wrapped XDAI,2.04,2.04
2026-01-22,0x5fc96c182bb7e0413c08e8e03e9d7efc6cf0b099,0x6013312d6c67bfe5a4c5f00b5efbad0f96ee3036,RealToken S 18980 Fenton St Detroit MI,56.00,1.11
2026-01-22,0x5fc96c182bb7e0413c08e8e03e9d7efc6cf0b099,0xf44b19c15c4502191f62790e9b5ebe86708fd6c5,RealToken S 9415-9417 Ravenswood St Detroit MI,107.21,2.00
2026-01-22,0x5fc96c182bb7e0413c08e8e03e9d7efc6cf0b099,0xf44b19c15c4502191f62790e9b5ebe86708fd6c5,RealToken S 2703-2705 W Grand St Detroit MI,213.44,4.09
2026-01-22,0x5fc96c182bb7e0413c08e8e03e9d7efc6cf0b099,0x8cc83b8568070540536d4090d97474f3ed98760a,RealToken S 1 Holdings Rohns St Detroit MI,40.86,0.73
2026-01-22,0x5fc96c182bb7e0413c08e8e03e9d7efc6cf0b099,0xe91f6c9e2bd0e9a390e0a16161a035423dda318c,RealToken S 8003 S Ingleside Ave Chicago IL,101.31,2.00
2026-01-22,0x5fc96c182bb7e0413c08e8e03e9d7efc6cf0b099,0xe91f6c9e2bd0e9a390e0a16161a035423dda318c,RealToken S 13445 Tacoma St Detroit MI,105.03,2.00
2026-01-22,0x5fc96c182bb7e0413c08e8e03e9d7efc6cf0b099,0xe91f6c9e2bd0e9a390e0a16161a035423dda318c,RealToken S 3588 Oakman Blvd Detroit MI,84.90,1.69
2026-01-22,0x5fc96c182bb7e0413c08e8e03e9d7efc6cf0b099,0x2f72e45ab17d8aa5cf553a17dd2ac04bc47e8c93,Wrapped XDAI,0.02,0.02
2026-01-22,0x5fc96c182bb7e0413c08e8e03e9d7efc6cf0b099,0x594263ae7003727665a452ada1fccb43a788d576,RealToken S 3747 Scovel Pl Detroit MI,50.21,1.00
2026-01-22,0x5fc96c182bb7e0413c08e8e03e9d7efc6cf0b099,0x594263ae7003727665a452ada1fccb43a788d576,RealToken S 10040 Cadieux Rd Detroit MI,100.93,2.00
2026-01-22,0x5fc96c182bb7e0413c08e8e03e9d7efc6cf0b099,0x594263ae7003727665a452ada1fccb43a788d576,RealToken S 19751 Marx St Highland Park MI,42.50,0.84
2026-01-22,0x5fc96c182bb7e0413c08e8e03e9d7efc6cf0b099,0x5952f70fef1cbc26856d149646d4a8f97e923ee7,Wrapped XDAI,0.44,0.44
2026-01-22,0x5fc96c182bb7e0413c08e8e03e9d7efc6cf0b099,0x22b74b691ba1089714474b251d030045d27f5042,Wrapped XDAI,0.97,0.97
2026-01-22,0x5fc96c182bb7e0413c08e8e03e9d7efc6cf0b099,0x22b74b691ba1089714474b251d030045d27f5042,RealToken S 618 E 79th St Chicago IL,69.12,1.36
2026-01-22,0x5fc96c182bb7e0413c08e8e03e9d7efc6cf0b099,0x12faa107a580c33e2c3ab259b59b91eb2454582e,Wrapped XDAI,108.62,108.62
2026-01-22,0x5fc96c182bb7e0413c08e8e03e9d7efc6cf0b099,0xd4f7b49682bef0c089a53e91437463c8595af36e,Wrapped XDAI,15.10,15.10
2026-01-22,0x5fc96c182bb7e0413c08e8e03e9d7efc6cf0b099,0xb56d87983a749e0e0292e8d898fff421dcc0f09a,Wrapped XDAI,0.22,0.22
2026-01-22,0x5fc96c182bb7e0413c08e8e03e9d7efc6cf0b099,0xda0f4e7fb58bc03ad73b8756e73d70328d1d392c,RealToken S 7519-7521 Wykes St Detroit MI,104.79,2.00
2026-01-22,0x5fc96c182bb7e0413c08e8e03e9d7efc6cf0b099,0xda0f4e7fb58bc03ad73b8756e73d70328d1d392c,RealToken S 1630 E State Fair Ave Detroit MI,14.66,0.29
2026-01-22,0x5fc96c182bb7e0413c08e8e03e9d7efc6cf0b099,0x2f72fdd6ff5de0d6b9fbc643ed0dbcf8ca146f95,RealToken S 19000 Fenton St Detroit MI,0.00,0.00
2026-01-22,0x5fc96c182bb7e0413c08e8e03e9d7efc6cf0b099,0xe56c881e335acbcd66115e9796fd711fa933b96a,RealToken S 1 Holdings Belvidere St Detroit MI,0.00,0.00
2026-01-22,0x5fc96c182bb7e0413c08e8e03e9d7efc6cf0b099,0xbc076ddf1a829ee053c3cc518ff2e7fe751ac0bc,Wrapped XDAI,0.00,0.00
2026-01-22,0x5fc96c182bb7e0413c08e8e03e9d7efc6cf0b099,0x2382bcfc0aea1daed7f72ac35bba5e1416ad5f8a,RealToken S 8065 Lost Shaker Ln Kissimmee FL,2.20,0.04
2026-01-22,0x5fc96c182bb7e0413c08e8e03e9d7efc6cf0b099,0xbf4856caaa895f01306bde2c6d83f03650452f12,RealToken S 8003 S Ingleside Ave Chicago IL,0.00,0.00
2026-01-22,0x5fc96c182bb7e0413c08e8e03e9d7efc6cf0b099,0x73368827d5b39f60473ad51681ae0c73520d8871,RealToken S 3280 W Boston Blvd Detroit MI,0.00,0.00
2026-01-22,0x5fc96c182bb7e0413c08e8e03e9d7efc6cf0b099,0x7c08ba4de1a01f6355ab83919beb445df5a8148a,Wrapped XDAI,0.00,0.00
2026-01-22,0x5fc96c182bb7e0413c08e8e03e9d7efc6cf0b099,0x7cd7f38b8b2f2401fd6d5d679d707a273d029c8a,Wrapped XDAI,0.00,0.00
2026-01-22,0x5fc96c182bb7e0413c08e8e03e9d7efc6cf0b099,0xe350f5f03dda8275a247bc11d150f71c922146da,RealToken S 19041 Lenore Ave Detroit MI,0.01,0.00
2026-01-22,0x5fc96c182bb7e0413c08e8e03e9d7efc6cf0b099,0x37225e4b5a830ac8f6829562bbd5e622c063f155,RealToken S 8060 Dreamsicle Dr Kissimmee FL,127.81,2.52
2026-01-22,0x5fc96c182bb7e0413c08e8e03e9d7efc6cf0b099,0x3c63f894b4aefce537d1cfa79d77c86e996fe810,RealToken S 19751 Marx St Highland Park MI,101.45,2.00
2026-01-22,0x5fc96c182bb7e0413c08e8e03e9d7efc6cf0b099,0x3c63f894b4aefce537d1cfa79d77c86e996fe810,RealToken S 3588 Oakman Blvd Detroit MI,751.69,14.97